errorconnect.webcam,
go.com,
domain,
dailymail.co.uk,
rai.it,
reuters.com,
abc.es,
20minutos.es,
independent.co.uk,
channel4.com,
indiatimes.com,
thehill.com,
inews.co.uk,
westernjournal.com,
dailykos.com,
worldjusticenews.com,
cnbc.com,
standard.co.uk,
uktv.co.uk,
thetelegraphandargus.co.uk,
usnews.com,
derbytelegraph.co.uk,
hulldailymail.co.uk,
dailyrecord.co.uk,
thegatewaypundit.com,
plymouthherald.co.uk,
kentonline.co.uk,
wired.com,
politico.com,
washingtontimes.com,
apnews.com,
theblaze.com,
washingtonexaminer.com,
nbcnews.to,
bostonglobe.com,
cbsn.ws,
cbsloc.al,
news.com.au,
aljazeera.com,
suntimes.com,
motherjones.com,
democratandchronicle.com,
nbcnewyork.com,
noticias24.com,
nationalreview.com,
rt.com,
vice.com,
theguardian.com,
buzzfeed.com,
nytimes.com,
roughlyexplained.com,
bbc.com,
mirror.co.uk,
cnn.com,
spiegel.de,
globo.com,
arcamax.com,
elpais.com,
repubblica.it,
businessinsider.com,
bbc.co.uk,
forbes.com,
bloomberg.com,
telegraph.co.uk,
ft.com,
usatoday.com,
elespanol.com,
rtve.es,
larepublica.pe,
thesun.co.uk,
telemundo.com,
express.co.uk,
huffingtonpost.com,
washingtonpost.com,
sky.com,
itv.com,
foxnews.com,
uol.com.br,
cbs.com,
newsnow.co.uk,
nbc.com,
dailystar.co.uk,
thetimes.co.uk,
cbsnews.com,
metro.co.uk,
nypost.com,
fox.com,
livenewsnow.com,
nbcnews.com,
breitbart.com,
nbcchicago.com,
thedailybeast.com,
sfgate.com,
patriotnewsalerts.com,
huffpost.com,
huffingtonpost.co.uk,
foxbusiness.com,
diariolibre.com,
cbslocal.com,
rte.ie,
conservativeinstitute.org,
observer-reporter.com,
news4jax.com,
pbs.org,
fox9.com,
sun-sentinel.com,
dailywire.com,
dailyconservative.com,
timesofisrael.com,
expressandstar.com,
conservativedailypost.com,
buzzfeednews.com,
npr.org,
wpxi.com,
lbc.co.uk,
drudgereport.com,
msnbc.com,
latimes.com,
time.com,
jpost.com,
lep.co.uk,
eveningtimes.co.uk,
theatlantic.com,
trinitymirror-news.co.uk,
lincolnshirelive.co.uk,
rightwingtribune.com,
weau.com,
newsweek.com,
chicagotribune.com,
nydailynews.com,
wsj.com,
theepochtimes.com,
nymag.com,
vox.com,
cbc.ca,
slate.com,
fortune.com,
fox8.com,
newser.com,
abc7.com,
abc7chicago.com,
ndtv.com,
miamiherald.com,
cnn.it,
startribune.com,
abc13.com,
fox59.com,
goodmorningamerica.com,
6abc.com,
theconversation.com,
conservativebuzz.com,
newsday.com,
mercurynews.com,
news12.com,
channel7breakingreport.live,
thefederalist.com,
dallasnews.com,
abcn.ws,
seattletimes.com,
newsbreakapp.com,
abcactionnews.com,
local10.com,
abc7ny.com,
wxyz.com,
post-gazette.com,
baltimoresun.com,
oregonlive.com,
10tv.com,
wsbtv.com,
orlandosentinel.com,
realclearpolitics.com,
daytondailynews.com,
foxla.com,
abc15.com,
fox13news.com,
fox4kc.com,
insideedition.com,
boston25news.com,
local12.com,
news5cleveland.com,
el-nacional.com,
abc.net.au,
theperspective.com,
redstate.com,
fox2now.com,
salon.com,
newspunch.com,
denverpost.com,
newsok.com,
voanews.com,
firstcoastnews.com,
fox6now.com,
fox13now.com,
sbs.com.au,
splinternews.com,
20minutes.fr,
20mn.fr,
24economia.com,
3sat.de,
abendblatt.de,
abendzeitung-muenchen.de,
actu.fr,
actualites-la-croix.com,
actuall.com,
adnkronos.com,
affaritaliani.it,
agoravox.fr,
alertadigital.com,
anonymousnews.ru,
ansa.it,
antena3.com,
ara.cat,
ard-text.de,
ard.de,
ardmediathek.de,
arte.tv,
atresplayer.com,
augsburger-allgemeine.de,
avvenire.it,
badische-zeitung.de,
bento.de,
bergamopost.it,
berliner-kurier.de,
berliner-zeitung.de,
bfmtv.com,
bild.de,
blick.ch,
blick.de,
bo.de,
br.de,
breaknotizie.com,
businessinsider.de,
bz-berlin.de,
cadenaser.com,
caffeinamagazine.it,
canal-plus.com,
canal.fr,
canarias7.es,
capital.fr,
casoaislado.com,
cataniatoday.it,
ccma.cat,
challenges.fr,
cnews.fr,
cope.es,
corriere.it,
corriereadriatico.it,
courrierdelouest.fr,
courrierinternational.com,
ctxt.es,
cuatro.com,
daserste.de,
derwesten.de,
diaridegirona.cat,
diaridetarragona.com,
diariocordoba.com,
diariodeibiza.es,
diariodeleon.es,
diariodemallorca.es,
diariodenavarra.es,
diariodesevilla.es,
diarioinformacion.com,
diariojaen.es,
diariosur.es,
diariovasco.com,
digitalsevilla.com,
dw.com,
ecodibergamo.it,
economiadigital.es,
elboletin.com,
elcomercio.es,
elconfidencial.com,
elconfidencialdigital.com,
elcorreo.com,
elcorreodemadrid.com,
elcorreogallego.es,
elcorreoweb.es,
eldia.es,
eldiario.es,
eldiariomontanes.es,
eldigitalcastillalamancha.es,
eleconomista.es,
elmundo.es,
elnortedecastilla.es,
elperiodico.com,
elperiodicoextremadura.com,
elplural.com,
elpuntavui.cat,
eltiempo.com,
esdiario.com,
estrelladigital.es,
euro-actu.fr,
euronews.com,
europapress.es,
europe1.fr,
expansion.com,
express.de,
fanpage.it,
faz.net,
fdesouche.com,
finanzen.net,
fnp.de,
focus.de,
fr.de,
france.tv,
france24.com,
france3.fr,
francebleu.fr,
franceculture.fr,
franceinter.fr,
francesoir.fr,
francetelevisions.fr,
francetv.fr,
francetvinfo.fr,
freiepresse.de,
gaceta.es,
gasteizhoy.com,
gazzettadelsud.it,
gazzettadiparma.it,
giornaledibrescia.it,
giornaledilecco.it,
giornaledimonza.it,
giornaletrentino.it,
giornalone.it,
granadahoy.com,
handelsblatt.com,
haz.de,
heraldo.es,
hna.de,
hoy.es,
hr-fernsehen.de,
huelvainformacion.es,
huffingtonpost.es,
huffingtonpost.fr,
huffingtonpost.it,
humanite.fr,
ideal.es,
ilcorrieredellacitta.com,
ilfattoquotidiano.it,
ilfoglio.it,
ilgazzettino.it,
ilgiornale.it,
ilgiorno.it,
ilmanifesto.it,
ilmattino.it,
ilmessaggero.it,
ilprimatonazionale.it,
ilrestodelcarlino.it,
ilsecoloxix.it,
ilsole24ore.com,
iltempo.it,
infolibre.es,
informazione.it,
infranken.de,
insuedthueringen.de,
insuedthueringen.de,
internazionale.it,
journaldemontreal.com,
jungefreiheit.de,
kieler-nachrichten.de,
kn-online.de,
ksta.de,
la-croix.com,
lagacetadesalamanca.es,
lagazzettadelmezzogiorno.it,
lainformacion.com,
lamarea.com,
lanouvellerepublique.fr,
lanuevacronica.com,
laopinioncoruna.es,
laopiniondemalaga.es,
laopiniondemurcia.es,
laopiniondezamora.es,
lapresse.ca,
lapresse.it,
laprovence.com,
laprovincia.es,
larazon.es,
larioja.com,
lasexta.com,
lasprovincias.es,
lastampa.it,
latribunadeespana.com,
latribune.fr,
lavanguardia.com,
laverdad.es,
lavoixdunord.fr,
lavozdegalicia.es,
lavozdelsur.es,
lavozdigital.es,
ledauphine.com,
lefigaro.fr,
leggioggi.it,
leggo.it,
lemonde.fr,
leparisien.fr,
lepoint.fr,
lepopulaire.fr,
lesechos.fr,
lettoquotidiano.it,
lexpress.fr,
liberation.fr,
liberoquotidiano.it,
libertaddigital.com,
linternaute.com,
linternaute.fr,
livesicilia.it,
lne.es,
lvz.de,
malagahoy.es,
manager-magazin.de,
marianne.net,
mdr.de,
mediapart.fr,
mediaset.it,
mediterraneodigital.com,
merkur.de,
milanotoday.it,
mopo.de,
morgenpost.de,
morgenweb.de,
mz-web.de,
n-tv.de,
naciodigital.cat,
naiz.eus,
ndr.de,
news-net.fr,
news-und-nachrichten.de,
news.de,
news64.net,
newsmondo.it,
nordkurier.de,
notizie.it,
nouvelobs.com,
nw.de,
nzz.ch,
oggitreviso.it,
okdiario.com,
ondacero.es,
orf.at,
ostsee-zeitung.de,
ouest-france.fr,
panorama.it,
parismatch.com,
periodistadigital.com,
phoenix.de,
pi-news.net,
pnp.de,
politikstube.com,
presseportal.de,
prosieben.at,
prosieben.de,
publico.es,
que.es,
quifinanza.it,
quotidianodipuglia.it,
quotidianopiemontese.it,
rac1.cat,
racocatala.cat,
radioclassique.fr,
radioitalia.it,
rainews.it,
raiplay.it,
raiplayradio.it,
regio7.cat,
republica.com,
revolutionpermanente.fr,
rhein-zeitung.de,
riminitoday.it,
ripostelaique.com,
romatoday.it,
rosenheim24.de,
rp-online.de,
rtbf.be,
rtl.de,
rtl.fr,
rtl2.de,
saechsische.de,
sat1.de,
secoloditalia.it,
shz.de,
sky.it,
slate.fr,
sputniknews.com,
stern.de,
stimme.de,
strettoweb.com,
sudinfo.be,
sudouest.fr,
sueddeutsche.de,
swp.de,
swr.de,
swr3.de,
tag24.de,
tagesschau.de,
tagesspiegel.de,
taz.de,
telecinco.es,
tempi.it,
termometropolitico.it,
tf1.fr,
tgcom24.it,
torinotoday.it,
trevisotoday.it,
tv5monde.com,
tz.de,
udinetoday.it,
valenciaplaza.com,
valeursactuelles.com,
vilaweb.cat,
volksstimme.de,
vox.de,
voxnews.info,
vozpopuli.com,
watergate.tv,
watson.de,
waz.de,
wdr.de,
wdr2.de,
welt.de,
wired.it,
wiwo.de,
zdf.de,
zeit.de,
quotidiano.net,
nextquotidiano.it,
blitzquotidiano.it,
quotidianodiragusa.it,
lanazione.it,
metro.it,
heute.de,
skytg24news.it,
kabeleins.de,
news-mondo.it,
primocanale.it,
komonews.com,
nbclosangeles.com,
nbcdfw.com,
estrepublicain.fr,
economist.com,
republicain-lorrain.fr,
resistancerepublicaine.eu,
paris-normandie.fr,
epochtimes.fr,
epochtimes.de,
fivethirtyeight.com,
ka-news.de,
huffingtonpost.de,
krone.at,
op-online.de,
dewezet.de,
hessenschau.de,
schwaebische.de,
campact.de,
stuttgarter-nachrichten.de,
radio-mk.de,
osthessen-news.de,
kreiszeitung.de,
tichyseinblick.de,
deutschlandradio.de,
maz-online.de,
wzonline.de,
wahlrecht.de,
noz.de,
main-echo.de,
suedkurier.de,
neues-deutschland.de,
achgut.com,
pz-news.de,
mittelbayerische.de,
giessener-allgemeine.de,
politikversagen.net,
wa.de,
tageblatt.de,
donaukurier.de,
cicero.de,
hertener-allgemeine.de,
ln-online.de,
diepresse.com,
refcrime.info,
dnn.de,
dpa-news.de,
thueringer-allgemeine.de,
radiohochstift.de,
20min.ch,
rnz.de,
spiegel.tv,
nwzonline.de,
heidelberg24.de,
kleinezeitung.at,
hallo-muenchen.de,
bkz-online.de,
newyorker.com,
moz.de,
rundschau-online.de,
ruhrnachrichten.de,
srf.ch,
news.at,
saarbruecker-zeitung.de,
sn.at,
extratipp.com,
watson.ch,
news38.de,
rnf.de,
az-online.de,
tz-online.de,
heute.at,
hr-online.de,
aachener-zeitung.de,
hr3.de,
innsalzach24.de,
bergedorfer-zeitung.de,
neopresse.com,
n8waechter.info,
bgland24.de,
newsbreak24.de,
washingtonpress.com,
sz-online.de,
aachener-nachrichten.de,
ntv.de,
kreiszeitung-wochenblatt.de,
reuters.tv,
szlz.de,
deutsche-wirtschafts-nachrichten.de,
echo24.de,
dortmund24.de,
volksverpetzer.de,
goettinger-tageblatt.de,
neuste.news,
a-beig.de,
bams.de,
bsaktuell.de,
michael-mannheimer.net,
naanoo.de,
act.tv,
addictinginfo.com,
aftonbladet.se,
akkadiantimes.com,
aldianews.com,
allthatsfab.com,
afj.org,
altnews.in,
alternet.org,
aidc.org.za,
americablog.com,
americanbridgepac.org,
anx.media,
americanoversight.org,
au.org,
angrywhitemen.org,
antifascistnews.net,
autostraddle.com,
backedbyfact.com,
citypaper.com,
ebar.com,
themaven.net,
bitchmedia.org,
blackagendareport.com,
blacklivesmatter.com,
bluenationreview.com,
bluestatedaily.com,
boingboing.net,
bostonreview.net,
breitbartunmasked.com,
bust.com,
canadafactcheck.ca,
canadiandimension.com,
capitalandmain.com,
carbonated.tv,
care2.com,
americanprogress.org,
prwatch.org,
c4ss.org,
certifiedpolitics.com,
change.org,
chicagoreader.com,
chroniclesofdemocracy.com,
citizencritics.org,
codepink.org,
columbusfreepress.com,
comicsands.com,
commondreams.org,
content.news,
cosmopolitan.com,
countercurrents.org,
counterpunch.org,
crimethinc.com,
crooked.com,
crooksandliars.com,
currentaffairs.org,
curvemag.com,
dailydems.com,
dailydot.com,
dailynewsbin.com,
dailysoundandfury.com,
dallasvoice.com,
dctribune.org,
deadstate.org,
deadspin.com,
deepleftfield.info,
deepstatenation.com,
democracyguardian.com,
democracynow.org,
democraticunderground.com,
deshabhimani.com,
desmogblog.com,
metrotimes.com,
dieharddemocrat.com,
dissentmagazine.org,
drudge.com,
earthfirstjournal.org,
economyincrisis.org,
egbertowillies.com,
electoral-vote.com,
electronicintifada.net,
elisabethparker.com,
elitedaily.com,
esquire.com,
everydayfeminism.com,
evonomics.com,
extranewsfeed.com,
feministcurrent.com,
feministing.com,
fifthestate.org,
filmingcops.com,
firstpost.com,
foodandwaterwatch.org,
foreignpolicyjournal.com,
foreignpolicynews.org,
forwardprogressives.com,
freepress.org,
frnewsreport.com,
ffrf.org,
freedomnews.org.uk,
frontpagelive.com,
freespeech.org,
gizmodo.com,
globalvoices.org,
globetoday.com,
good.is,
gopocalypse.org,
gq.com,
bradford-delong.com,
greenleft.org.au,
greenvillegazette.com,
gritpost.com,
groopspeak.com,
guardianlv.com,
theguardiansofdemocracy.com,
haaretz.com,
happy-foxie.com,
hillreporter.com,
hrc.org,
impeachdjtnow.com,
marxist.com,
inthesetimes.com,
ir.net,
inequalitymedia.org,
juancole.com,
ips-dc.org,
internationalviewpoint.org,
intrepidreport.com,
iowastartingline.com,
itsgoingdown.org,
jacobinmag.com,
jezebel.com,
latest.com,
lavendermagazine.com,
leftaction.com,
leftfootforward.org,
leftoverrights.com,
leftsideofhistory.com,
leftvoice.org,
leftwingnation.org,
leftscoop.com,
lgbtqnation.com,
libcom.org,
liberalamerica.life,
liberalexaminer.com,
samuel-warde.com,
liberationnews.org,
littlegreenfootballs.com,
loveknowledge.org,
mashable.com,
meanlefthook.com,
mediamatters.org,
mediaite.com,
meduza.io,
merryjane.com,
miaminewtimes.com,
middleeastmonitor.com,
modernliberals.com,
molad.org,
mondoweiss.net,
moonofalabama.org,
msmagazine.com,
nap-sack.org,
nationofchange.org,
newint.org,
newpol.org,
newrepublic.com,
newstatesman.com,
amsterdamnews.com,
newscorpse.com,
newshounds.us,
newslogue.com,
newsone.com,
north99.org,
nova-magazine.net,
nowtoronto.com,
occupy.com,
onegreenplanet.org,
opednews.com,
ourvoiceny.com,
out.com,
palmerreport.com,
pastemagazine.com,
peacock-panache.com,
pfaw.org,
people.com,
photographyisnotacrime.com,
pinknews.co.uk,
politicaldig.com,
politicalupdater.com,
politicususa.com,
politizoom.com,
popular.info,
popularresistance.org,
pravdareport.com,
pressprogress.ca,
progressivearmy.com,
progressiveliberal.net,
projectcensored.org,
proudemocrat.com,
putintrump.org,
queerty.com,
rabble.ca,
rantt.com,
rappler.com,
rawprogressive.com,
rawstory.com,
readersupportednews.org,
readingthepictures.org,
therealnews.com,
redpepper.org.uk,
redstatedisaster.com,
redyouth.org,
republicanssucks.org,
republicreport.org,
resilience.org,
revcom.us,
reverepress.com,
revolution-news.com,
rewire.news,
rightwingwatch.org,
trofire.com,
rollingstone.com,
scarymommy.com,
shadowproof.com,
shareblue.com,
smirkingchimp.com,
worldsocialism.org,
socialistworker.org,
sourcepolitics.com,
sourcewatch.org,
splcenter.org,
cnntimes.online,
stpete4peace.org,
syriana-analysis.com,
takepart.com,
talkingpointsmemo.com,
teenvogue.com,
telesurtv.net,
advocate.com,
americanindependent.com,
prospect.org,
austinchronicle.com,
theblueroute.org,
theburningspear.com,
thecanary.co,
climaterealityproject.org,
daily49er.com,
thedailybanter.com,
the-daily.buzz,
thedailyvox.co.za,
democratichub.com,
thedodo.com,
dworkinreport.com,
theestablishment.co,
thefloridasqueeze.com,
thefrisky.com,
theimproper.com,
indypendent.org,
mavenroundtable.io,
thelily.com,
thelondoneconomic.com,
themarysue.com,
themilitant.com,
morningstaronline.co.uk,
thenation.com,
nationalmemo.com,
thenewcivilrightsmovement.com,
theoutline.com,
palestinechronicle.com,
progressive.org,
progressivefrontier.com,
samefacts.com,
theroot.com,
thelasource.com,
thesternfacts.com,
texasobserver.org,
villagevoice.com,
thewalrus.ca,
theweek.com,
worldcantwait.net,
thegrio.com,
theoswatch.com,
thinkprogress.org,
this.org,
towleroad.com,
tribunemagazine.org,
truthagainstthemachine.com,
truthdig.com,
truthout.org,
uproxx.com,
upworthy.com,
theuspoliticalpost.com,
usuncut.com,
vanityfair.com,
verifiedpolitics.com,
vermontindependent.org,
verrit.com,
viraltitle.com,
wallstreetonparade.com,
washingtondailywire.com,
washingtonmonthly.com,
washingtonsources.org,
washingtonian.com,
wearyourvoicemag.com,
whatmattersnews.com,
whitehousewatch.com,
whowhatwhy.org,
wonkette.com,
workers.org,
yesmagazine.org,
tytnetwork.com,
yourblackworld.net,
zcomm.org,
deathandtaxesmag.com,
democracychronicles.org,
reverbpress.news,
seventeen.com,
thefingnews.com,
wsws.org,
972mag.com,
abc11.com,
abovethelaw.com,
aclu.org,
aeon.co,
affinitymagazine.us,
africanarguments.org,
al-monitor.com,
alhayat.com,
almasdarnews.com,
al-sura.com,
guttmacher.org,
adn.com,
timesunion.com,
albertaviews.ca,
allgov.com,
alliedprogress.org,
amny.com,
americamagazine.org,
americanimmigrationcouncil.org,
amnesty.org,
annistonstar.com,
adl.org,
aol.com,
apmreports.org,
aranews.net,
areomagazine.com,
tucson.com,
azdailysun.com,
azcentral.com,
arktimes.com,
armscontrol.org,
citizen-times.com,
asiasentinel.com,
asiancorrespondent.com,
atavist.com,
atlantablackstar.com,
ajc.com,
atlanticmedia.com,
attn.com,
statesman.com,
axios.com,
backchannel.com,
balkaninsight.com,
bangordailynews.com,
baptistnews.com,
battlecreekenquirer.com,
bjreview.com,
berkeleyside.com,
berkshireeagle.com,
billmoyers.com,
birminghammail.co.uk,
blastingnews.com,
bluestemprairie.com,
bgr.com,
bramptonguardian.com,
brennancenter.org,
brookings.edu,
buffalonews.com,
bustle.com,
calgaryherald.com,
calwatchdog.com,
canadalandshow.com,
capitalgazette.com,
caribbeanlifenews.com,
carolinapublicpress.org,
catchnews.com,
cctv-america.com,
centerforinquiry.org,
ciponline.org,
populardemocracy.org,
cbpp.org,
wvgazettemail.com,
charlotteobserver.com,
timesfreepress.com,
cheddar.com,
chicagoreporter.com,
cgtn.com,
citizentruth.org,
legitgov.org,
citizensforethics.org,
ctj.org,
cleantechnica.com,
cjr.org,
colombiareports.com,
investigaterussia.org,
commoncause.org,
commonwealmagazine.org,
commonwealthfund.org,
ctpost.com,
consortiumnews.com,
corporatepresidency.org,
caller.com,
councilforthenationalinterest.org,
credoaction.com,
crosscut.com,
ctmirror.org,
gazettenet.com,
dawn.com,
dcreport.org,
deadline.com,
deccanherald.com,
delawareonline.com,
democracy21.org,
demos.org,
freep.com,
digg.com,
diply.com,
diversityinc.com,
dutchdailynews.com,
dutchreview.com,
earthjustice.org,
eastbaytimes.com,
econofact.org,
epi.org,
economicshelp.org,
egyptianstreets.com,
elpasotimes.com,
eff.org,
emirates247.com,
emptywheel.net,
engadget.com,
ew.com,
euobserver.com,
euractiv.com,
exposingtruth.com,
factmyth.com,
factbox.tv,
fair.org,
fairvote.org,
fastcompany.com,
feministfrequency.com,
thefifthcolumnnews.com,
fightforthefuture.org,
fpif.org,
fwweekly.com,
freakonomics.com,
fresnobee.com,
fusion.net,
gaystarnews.com,
geopoliticsalert.com,
glamour.com,
globalcitizen.org,
globalnews.ca,
pri.org,
globalrealnews.com,
globalriskinsights.com,
globaltimes.cn,
governing.com,
greensboro.com,
greentechmedia.com,
grist.org,
gunviolencearchive.org,
harpers.org,
courant.com,
healthyway.com,
heavy.com,
helsinkitimes.fi,
hcn.org,
hindustantimes.com,
historynewsnetwork.org,
hollywoodreporter.com,
staradvertiser.com,
hrw.org,
humanium.org,
hurriyetdailynews.com,
icenews.is,
ifamericaknew.org,
independentaustralia.net,
indymedia.org,
indystar.com,
inquisitr.com,
insidehighered.com,
insidephilanthropy.com,
insideclimatenews.org,
imeu.org,
itep.org,
ibtimes.com,
icrw.org,
crisisgroup.org,
interpretermag.com,
inverse.com,
ipolitics.ca,
irinnews.org,
jacksonfreepress.com,
jihadica.com,
jointcenter.org,
helvidius.org,
kansascity.com,
kmov.com,
knightfoundation.org,
koco.com,
kotaku.com,
kuow.org,
kurdistan24.net,
lasvegassun.com,
latintimes.com,
leftjustified.com,
lethbridgeherald.com,
kentucky.com,
liberalmountain.com,
lifehacker.com,
liveleak.com,
mainebeacon.com,
mainichi.jp,
malaysiakini.com,
mcclatchydc.com,
mediafiledc.com,
medium.com,
metro.us,
mexiconewsdaily.com,
mic.com,
migrationpolicy.org,
jsonline.com,
mprnews.org,
minnpost.com,
mintpressnews.com,
mongabay.com,
monthlyreview.org,
montrealgazette.com,
themoscowtimes.com,
mnn.com,
mothership.sg,
mtdemocrat.com,
msn.com,
muncievoice.com,
mwcnews.net,
nakedcapitalism.com,
naplesnews.com,
naacp.org,
transequality.org,
natmonitor.com,
nationalnewswatch.com,
nationalobserver.com,
youthrights.org,
resourcegovernance.org,
nrdc.org,
nature.org,
ncpolicywatch.com,
necn.com,
neweurope.eu,
newleftreview.org,
newmatilda.com,
newmoderate.com,
newsandguts.com,
kfor.com,
newsdeeply.com,
newsgru.com,
newsy.com,
ocweekly.com,
oilandwaterdontmix.org,
oneindia.com,
opendemocracy.net,
opposingviews.com,
ourworldindata.org,
outsidethebeltway.com,
ozy.com,
psmag.com,
panampost.com,
patrioticmillionaires.org,
philly.com,
inquirer.net,
phoenixnewtimes.com,
politicalcritique.org,
politicsthatwork.com,
populationconnection.org,
pressherald.com,
pamplinmedia.com,
positive.news,
presstv.com,
propublica.org,
prospectmagazine.co.uk,
providencejournal.com,
citizen.org,
qz.com,
rfa.org,
newsobserver.com,
rationalwiki.org,
religionnews.com,
rgj.com,
revealnews.org,
irc-online.org,
roanoke.com,
rooseveltinstitute.org,
rudaw.net,
sacbee.com,
sltrib.com,
mysanantonio.com,
sandiegofreepress.org,
sandiegoreader.com,
sfchronicle.com,
sfexaminer.com,
sfglobe.com,
independent.com,
sapiens.org,
saudigazette.com.sa,
scoopwhoop.com,
scroll.in,
seattlepi.com,
secondnexus.com,
sentencingproject.org,
shameproject.com,
sojo.net,
sootoday.com,
scmp.com,
stltoday.com,
twincities.com,
nj.com,
silive.com,
stepfeed.com,
stocksnewsdaily.com,
stopfake.org,
stuff.co.nz,
swissinfo.ch,
syriahr.com,
tabletmag.com,
tampabay.com,
tarbell.org,
taxjustice.net,
taxpolicycenter.org,
techcrunch.com,
techdirt.com,
texasmonthly.com,
texastribune.org,
theage.com.au,
asahi.com,
app.com,
theautomaticearth.com,
thebaffler.com,
thebipartisanpress.com,
brownsvilleherald.com,
budapestbeacon.com,
cepr.net,
tcf.org,
thechristianleft.org,
thecitizen.org.au,
canadians.org,
courier-journal.com,
dailyclimate.org,
dailyhive.com,
dailytarheel.com,
ecfr.eu,
lehighvalleylive.com,
forward.com,
readfrontier.org,
heraldnet.com,
thehilltalk.com,
thehindu.com,
theintercept.com,
irishtimes.com,
irrawaddy.com,
lohud.com,
koreatimes.co.kr,
thelocal.no,
themoderatevoice.com,
themonthly.com.au,
nationinstitute.org,
alaraby.co.uk,
thenewtropic.com,
thenewstribune.com,
newstimes.com,
thenextweb.com,
theodysseyonline.com,
theolympian.com,
theoslotimes.com,
palmbeachpost.com,
pennlive.com,
cleveland.com,
pressdemocrat.com,
pulsegulfcoast.com,
northjersey.com,
theringer.com,
santafenewmexican.com,
thesaturdaypaper.com.au,
theskimm.com,
thestate.com,
statepress.com,
thestranger.com,
thesunmagazine.org,
smh.com.au,
thetab.com,
thetrace.org,
thetyee.ca,
thevarsity.ca,
theverge.com,
pilotonline.com,
theweek.co.uk,
wilderness.org,
thewire.in,
thisisthezerohour.com,
thewrap.com,
trust.org,
thrillist.com,
timeline.com,
timescolonist.com,
timesheadline.com,
nola.com,
tmz.com,
toinformistoinfluence.com,
tomdispatch.com,
thestar.com,
uawire.org,
unicornriot.ninja,
uft.org,
universitybusiness.com,
urban.org,
upr.org,
uticaod.com,
virginiamercury.com,
votevets.org,
vulture.com,
washingtonblade.com,
wgntv.com,
wikileaks.org,
wingsoverscotland.com,
wnyc.org,
worldaffairsjournal.org,
worldpolicy.org,
worldcrunch.com,
wsvn.com,
news.cn,
yahoo.com,
yale.edu,
ynetnews.com,
ydr.com,
yorkdispatch.com,
youthradio.org,
americanpublicmedia.org,
westword.com,
health.com,
houstonchronicle.com,
chron.com,
lawandcrime.com,
kyivpost.com,
phillytrib.com,
38north.org,
680news.com,
abs-cbn.com,
adfontesmedia.com,
adweek.com,
africacheck.org,
africanews.com,
afp.com,
agerpres.ro,
ahram.org.eg,
airforcetimes.com,
airwars.org,
alarabiya.net,
albawaba.com,
majalla.com,
alreporter.com,
altoday.com,
democratherald.com,
allafrica.com,
gmfus.org,
amarillo.com,
americanheritage.com,
americanmilitarynews.com,
americanpressinstitute.org,
amomama.com,
anthropocenemagazine.org,
azcapitoltimes.com,
armytimes.com,
arstechnica.com,
atimes.com,
aninews.in,
atlanticcouncil.org,
ballotpedia.org,
bangkokpost.com,
baxterbulletin.com,
bbarta24.net,
belfercenter.org,
bnd.com,
bellingcat.com,
bettergov.org,
bignewsnetwork.com,
bigthink.com,
bismarcktribune.com,
bleepingcomputer.com,
bnonews.com,
bridgemi.com,
brief.news,
thebulletin.org,
bullshido.net,
burnettcountysentinel.com,
business2community.com,
c-span.org,
cpac.ca,
capecodtimes.com,
capitolfax.com,
carnegieendowment.org,
trib.com,
castanet.net,
cnas.org,
c4ads.org,
cdt.org,
cgdev.org,
publicintegrity.org,
opensecrets.org,
csis.org,
chinookobserver.com,
csmonitor.com,
cityandstateny.com,
cnet.com,
crfb.org,
ced.org,
cpj.org,
concordmonitor.com,
conflict-news.com,
congress.gov,
cbo.gov,
constitutioncenter.org,
constitutionproject.org,
consumerreports.org,
consumerist.com,
cookpolitical.com,
cfr.org,
countable.us,
courthousenews.com,
cp24.com,
crimeola.com,
ctvnews.ca,
curiosity.com,
dccircuitbreaker.org,
dailybusinessreview.com,
eyeofthetiber.com,
daily-journal.com,
dailyjournalonline.com,
dailyrecord.com,
darientimes.com,
defensenews.com,
defenseone.com,
delrionewsherald.com,
dentonrc.com,
desmoinesregister.com,
differencebetween.net,
digitaljournal.com,
doctorswithoutborders.org,
dpa-international.com,
eagletribune.com,
columbia.edu,
ejinsight.com,
elnuevodia.com,
goerie.com,
err.ee,
eurasiagroup.net,
eurasiareview.com,
everycrsreport.com,
factcheck.org,
factscan.ca,
factwire.org,
fairobserver.com,
federalnewsradio.com,
federaltimes.com,
financialexpress.com,
firstdraftnews.org,
foreignaffairs.com,
foreignpolicy.com,
freewheelus.com,
fullfact.org,
gallup.com,
gbtimes.com,
gearsofbiz.com,
geek.com,
globalintegrity.org,
globalslaveryindex.org,
globegazette.com,
goodnewsnetwork.org,
gao.gov,
govexec.com,
govtrack.us,
greatfallstribune.com,
greenbaypressgazette.com,
greenvilleonline.com,
hanfordsentinel.com,
hbr.org,
harvard.edu,
harvardpolitics.com,
hastingstribune.com,
healthcarefinancenews.com,
herald-review.com,
hoax-slayer.com,
homelandsecuritynewswire.com,
howtogeek.com,
i24news.tv,
icitizen.com,
idahostatesman.com,
imediaethics.org,
helenair.com,
ivn.us,
intoday.in,
dailybulletin.com,
iwpr.org,
icij.org,
iea.org,
cambridge.org,
freemedia.at,
rescue.org,
ire.org,
investopedia.com,
jacksonsun.com,
janes.com,
japantimes.co.jp,
jta.org,
journalgazette.net,
jstor.org,
justsecurity.org,
justicedenied.org,
kff.org,
knowyourmeme.com,
knowherenews.com,
knoxnews.com,
ledevoir.com,
lansingstatejournal.com,
lcsun-news.com,
lawfareblog.com,
leadstories.com,
limacharlienews.com,
journalstar.com,
listverse.com,
lompocrecord.com,
news-journal.com,
makeuseof.com,
malaysia-today.net,
maplight.org,
mediashift.org,
memeorandum.com,
mentalfloss.com,
mercopress.com,
merionwest.com,
metabunk.org,
metrowestdailynews.com,
military.com,
militarytimes.com,
missoulian.com,
mlive.com,
mtstandard.com,
morningconsult.com,
napavalleyregister.com,
nber.org,
ncsl.org,
followthemoney.org,
nationaljournal.com,
nationmaster.com,
theneed2know.com,
newamerica.org,
newbernsj.com,
nzherald.co.nz,
newsandnews.com,
newslookup.com,
newsela.com,
newsguardtech.com,
yournewsnet.com,
nextgov.com,
nhk.or.jp,
niskanencenter.org,
nknews.org,
nolabels.org,
noozhawk.com,
norfolkdailynews.com,
northkoreatimes.com,
nwitimes.com,
novinite.com,
oilprice.com,
180report.com,
openthegovernment.org,
oyez.org,
guampdn.com,
parallax.news,
patch.com,
patheos.com,
pnj.com,
pgpf.org,
piie.com,
pewresearch.org,
placesjournal.org,
poconorecord.com,
politicalwire.com,
politifact.com,
polygraph.info,
poynter.org,
mediaroom.com,
procon.org,
pogo.org,
project-syndicate.org,
publicpolicypolling.com,
prri.org,
qctimes.com,
rferl.org,
rand.org,
rapidcityjournal.com,
recode.net,
relevantmagazine.com,
rsf.org,
reporterslab.org,
represent.us,
riverbender.com,
rollcall.com,
russialies.com,
sandiegouniontribune.com,
sanmarcosrecord.com,
santamariatimes.com,
heraldtribune.com,
sayfiereview.com,
sciencedebate.org,
scoopnest.com,
scotusblog.com,
shareably.net,
shorensteincenter.org,
shreveporttimes.com,
simplepolitics.co.uk,
siouxcityjournal.com,
smartnews.com,
snopes.com,
ny1.com,
spectrumreport.com,
sctimes.com,
stripes.com,
statnews.com,
statesville.com,
statista.com,
stimson.org,
stocknewsusa.com,
strategypage.com,
stratfor.com,
sunlightfoundation.com,
taipeitimes.com,
taiwannews.com.tw,
taskandpurpose.com,
telegram.com,
texasstandard.org,
thatsnonsense.com,
auburnpub.com,
afr.com,
thebalance.com,
newsoptimist.ca,
thebureauinvestigates.com,
thecanadianpress.com,
chinapost.com.tw,
chronicle.com,
thecipherbrief.com,
thedailycentrist.com,
daily-chronicle.com,
dailygazette.com,
tdn.com,
dailynorthwestern.com,
dailyprogress.com,
theday.com,
defconwarningsystem.com,
thediplomat.com,
fakenewscodex.com,
hjnews.com,
heraldnews.com,
herald-dispatch.com,
heraldsun.com,
thehumanist.com,
indianexpress.com,
thejakartapost.com,
jordantimes.com,
journalstandard.com,
theknifemedia.com,
macon.com,
themarshallproject.org,
memepoliceman.com,
soas.ac.uk,
themoderatedmedia.com,
modbee.com,
themonitor.com,
mcall.com,
thenevadaindependent.com,
thenews.mx,
thenews.com.pk,
thenewsliteracyproject.org,
wisc.edu,
monmouth.edu,
pantagraph.com,
phnompenhpost.com,
postandcourier.com,
poststar.com,
syracuse.com,
theregister.co.uk,
therepublic.com,
masslive.com,
scotsman.com,
cumberlink.com,
sociable.co,
thesouthern.com,
stardem.com,
thestrategybridge.org,
swedishwire.com,
mywebtimes.com,
thetandd.com,
thetowntalk.com,
truthsetter.com,
wcfcourier.com,
thewhim.com,
thejournal.ie,
thirdway.org,
thoughtco.com,
timesofsandiego.com,
magicvalley.com,
todayifoundout.com,
transparency.org,
transpartisanreview.com,
record-eagle.com,
tribunecontentagency.com,
truthbetold.news,
truthorfiction.com,
turkeyandfacts.com,
tvw.org,
undark.org,
upi.com,
house.gov,
usaspending.gov,
usafacts.org,
standard.net,
verafiles.org,
viralthread.com,
vocativ.com,
voiceofsandiego.org,
vosizneias.com,
votesmart.org,
wacotrib.com,
warontherocks.com,
wtop.com,
wearethemighty.com,
wikinews.org,
wikipedia.org,
wikitribune.com,
winonadailynews.com,
journalnow.com,
wionews.com,
madison.com,
wilsoncenter.org,
weforum.org,
wn.com,
worldpoliticsreview.com,
worldpress.org,
wri.org,
wral.com,
aptnnews.ca,
sunherald.com,
bozemandailychronicle.com,
elkodaily.com,
law.com,
news24.com,
newzjunky.com,
southbendtribune.com,
7news.com.au,
71republic.com,
9news.com.au,
al.com,
abqjournal.com,
aleteia.org,
americanactionforum.org,
americanaffairsjournal.org,
acsh.org,
americanfirearms.org,
afpc.org,
aier.org,
americasquarterly.org,
angusreid.org,
antiwar.com,
arabnews.com,
argusleader.com,
arkansasonline.com,
israelnationalnews.com,
aawsat.com,
barrons.com,
beinglibertarian.com,
billingsgazette.com,
bipartisanpolicy.org,
bostonherald.com,
breakingdefense.com,
thebreakthrough.org,
batimes.com.ar,
businesslive.co.za,
calgarysun.com,
californiaglobe.com,
capoliticalreview.com,
campaignforliberty.org,
cjnews.com,
taxpayer.com,
cato.org,
ccn.com,
checkyourfact.com,
christianitytoday.com,
cincinnati.com,
circa.com,
gazette.com,
columbiadailyherald.com,
dispatch.com,
dailyherald.com,
dailypress.com,
dailyo.in,
volkskrant.nl,
deccanchronicle.com,
deseretnews.com,
desertsun.com,
detroitnews.com,
downsizinggovernment.org,
duluthnewstribune.com,
edmontonjournal.com,
edmontonsun.com,
eppc.org,
faithfamilyamerica.com,
longwarjournal.org,
financialpost.com,
firearmsnews.com,
jacksonville.com,
foreignpolicyi.org,
fpri.org,
fbherald.com,
star-telegram.com,
fortnightlyreview.co.uk,
fee.org,
franklincenterhq.org,
fraserinstitute.org,
freedomalliance.org,
freedomhouse.org,
greeleytribune.com,
group30.org,
gulfnews.com,
guns.com,
heraldsun.com.au,
heterodoxacademy.org,
hpenews.com,
thehindubusinessline.com,
honestreporting.com,
hoover.org,
humanprogress.org,
inhomelandsecurity.com,
inforum.com,
insidesources.com,
theihs.org,
independent.ie,
israelhayom.com,
japantoday.com,
jewishbreakingnews.com,
jewishjournal.com,
jns.org,
justfacts.com,
justfactsdaily.com,
koreaherald.com,
kutv.com,
lmtonline.com,
reviewjournal.com,
learnliberty.org,
lexingtoninstitute.org,
libertarianism.org,
libertyviral.com,
lfpress.com,
dailynews.com,
lynx.media,
mackinac.org,
macleans.ca,
manhattan-institute.org,
manilatimes.net,
marketwatch.com,
mercatus.org,
mynorthwest.com,
nationalaffairs.com,
nationalinterest.org,
nationalpost.com,
nos.nl,
observer.com,
newsheist.com,
newsrescue.com,
news-gazette.com,
newsline.com,
nikkei.com,
ntd.com,
oaoa.com,
omaha.com,
opendoorsusa.org,
ocregister.com,
ottawacitizen.com,
ottawasun.com,
pacificresearch.org,
peninsuladailynews.com,
triblive.com,
policyed.org,
postbulletin.com,
punchingbagpost.com,
rstreet.org,
rasmussenreports.com,
ips.org,
realcleardefense.com,
realclearinvestigations.com,
realclearpolicy.com,
realclearreligion.org,
reason.com,
valleynewslive.com,
leaderpost.com,
remingtonresearchgroup.com,
republicworld.com,
richmond.com,
russia-insider.com,
tass.com,
srnnews.com,
sbsun.com,
thestarphoenix.com,
savannahnow.com,
sofrep.com,
statesmanjournal.com,
studentnewsdaily.com,
swarajyamag.com,
tallahassee.com,
tbo.com,
taxfoundation.org,
tharawat-magazine.com,
algemeiner.com,
theamericanconservative.com,
the-american-interest.com,
augusta.com,
theaustralian.com.au,
thebrunswicknews.com,
thebulwark.com,
thechronicleherald.ca,
citizen.co.za,
couriermail.com.au,
daltondailycitizen.com,
durangoherald.com,
theecjournal.com,
elkharttruth.com,
thefiscaltimes.com,
thegazette.com,
theglobeandmail.com,
independent.org,
thejacknews.com,
jamestown.org,
the-japan-news.com,
jewishpress.com,
theledger.com,
thelibertarianrepublic.com,
nation.com.pk,
thenational.ae,
thenewatlantis.com,
thenewslens.com,
theobjectivestandard.com,
oklahoman.com,
pe.com,
thequint.com,
thesmokinggun.com,
thesorrentino.com,
spectator.co.uk,
spectator.us,
spokesman.com,
straitstimes.com,
theitem.com,
tennessean.com,
thetimesherald.com,
washingtoninstitute.org,
thewest.com.au,
winchesterstar.com,
tnonline.com,
timeslive.co.za,
toledoblade.com,
cjonline.com,
tulsaworld.com,
valuewalk.com,
vancouversun.com,
washingtonbabylon.com,
watchdog.org,
rep-am.com,
kansas.com,
sungazette.com,
windsorstar.com,
cbs12.com,
yankeeinstitute.org,
zebrafactcheck.com,
cftni.org,
fitsnews.com,
lubbockonline.com,
rare.us,
whitehouse.gov,
2ndvote.com,
abort73.com,
acculturated.com,
academia.org,
aim.org,
acting-man.com,
ac2news.com,
allenbwest.com,
altnewsmedia.net,
amac.us,
a1apac.org,
americarisingpac.org,
aclj.org,
americanconsequences.com,
aei.org,
americansforprosperity.org,
amgreatness.com,
alec.org,
americanlibertyreport.com,
americandailynews.org,
americanewshub.com,
spectator.org,
ammoland.com,
aa.com.tr,
arizonadailyindependent.com,
armstrongeconomics.com,
aina.org,
axiomnewsnetwork.com,
badgerinstitute.org,
bearingarms.com,
beliefnet.com,
biggovernment.news,
bizpacreview.com,
defensemaven.io,
brexitcentral.com,
ca-political.com,
campaignlifecoalition.com,
campusreform.org,
capitalresearch.org,
freedomandprosperity.org,
chicksontheright.com,
cc.org,
christiannewsalerts.com,
christianpost.com,
chroniclesmagazine.org,
citizenfreepress.com,
citizensunited.org,
city-journal.org,
nccivitas.org,
claremont.org,
clear-politics.com,
colddeadhands.us,
commentarymagazine.com,
commdiginews.com,
conservativebase.com,
conservativedailynews.com,
conservativehq.com,
conservativeopinion.com,
conservativeoutfitters.com,
conservativereview.com,
conservativetoday.com,
conservativeshere.com,
controversialtimes.com,
cowgernation.com,
crimeresearch.org,
crisismagazine.com,
cscmediagroupus.com,
dailycaller.com,
thedailyliberator.com,
dailysabah.com,
dailysignal.com,
dailysurge.com,
dangerous.com,
dcstatesman.com,
dcwhispers.com,
debatepost.com,
deplorablesreport.com,
eagleactionreport.com,
economicpolicyjournal.com,
egypttoday.com,
energycitizens.org,
erlc.com,
factsandlogic.org,
faithwire.com,
fakehatecrimes.org,
familysecuritymatters.org,
farleftwatch.com,
federalistpress.com,
fedsoc.org,
firstinfreedomdaily.com,
firstthings.com,
defenddemocracy.org,
freerepublic.com,
freewestmedia.com,
freedomcrossroads.com,
freedomworks.org,
ff.org,
futureinamerica.com,
gatestoneinstitute.org,
getreligion.org,
gop.com,
gopusa.com,
g-a-i.org,
grabien.com,
greatamericanpolitics.com,
guerrilla.news,
order-order.com,
heatst.com,
heritage.org,
hermancain.com,
hillarydaily.com,
hotair.com,
hudson.org,
humanevents.com,
ibleedredwhiteblue.com,
illinoispolicy.org,
hillsdale.edu,
ijr.com,
independentsentinel.com,
iwf.org,
influencewatch.org,
ifstudies.org,
intellectualtakeout.org,
investors.com,
ipatriot.com,
jewishpolicycenter.org,
jewishworldreview.com,
judicialnetwork.com,
kansaspolicy.org,
keepandbear.com,
knoxreport.com,
legalinsurrection.com,
libertyhangout.org,
libertyheadlines.com,
libertynation.com,
libertynews.com,
libertytalk.fm,
lifeandabout.com,
fightpp.org,
lifenews.com,
lifezette.com,
loneconservative.com,
louderwithcrowder.com,
lozierinstitute.org,
lyincomey.com,
unionleader.com,
mediacircus.com,
mediaequalizer.com,
mrc.org,
mediatrackers.org,
mehrnews.com,
mercatornet.com,
mises.org,
nationalcenter.org,
nra.org,
newbostonpost.com,
newrevolutionnow.org,
newsbusters.org,
newsmax.com,
nextnewsnetwork.com,
notliberal.com,
nraila.org,
ntknetwork.com,
numbersusa.com,
offendedamerica.com,
offgridsurvival.com,
oann.com,
onenewsnow.com,
ontarioproud.ca,
opslens.com,
patriotnewsdaily.com,
patriotretort.com,
pjmedia.com,
pluralist.com,
politichicks.com,
politicsnote.com,
politifeed.net,
politisite.com,
populistwire.com,
powerlineblog.com,
projectveritas.com,
conservativesus.party,
publicinterestlegal.org,
quadrant.org.au,
rd.com,
redalertpolitics.com,
redflagnews.com,
regated.com,
renewedright.com,
resistancemedia.org,
restoreamericanglory.com,
ricochet.com,
ronpaullibertyreport.com,
savejersey.com,
secureamericanow.org,
sentinelksmo.org,
silenceisconsent.net,
sbgi.net,
sonorannews.com,
southernpatriotnews.com,
spiked-online.com,
standpointmag.co.uk,
starpolitical.com,
tasnimnews.com,
westernjournalism.com,
teapartypatriots.org,
teapartytribune.com,
tenthamendmentcenter.com,
adelaidenow.com.au,
theamericancause.org,
americanmind.org,
theblacksphere.net,
carepublican.com,
thecitizenpress.com,
thecollegefix.com,
theconservativenut.gop,
conservativewoman.co.uk,
thedailydefender.com,
dailytelegraph.com.au,
dc-chronicle.com,
thehayride.com,
theconservativetreehouse.com,
themilreview.com,
thenewamerican.com,
newlypress.com,
thenewrevere.com,
theohiostar.com,
patriotpost.us,
thepostmillennial.com,
therantidote.com,
therealstrategy.com,
therebel.media,
theresurgent.com,
therightscoop.com,
ronpaulinstitute.org,
tehrantimes.com,
tennesseestar.com,
thetruthaboutguns.com,
torontosun.com,
townhall.com,
tribunist.com,
trtworld.com,
twitchy.com,
unwatch.org,
unitynewsnetwork.co.uk,
updateamerica.com,
uspoliticsinfo.com,
usapoliticstoday.com,
ussanews.com,
vesselnews.io,
vivaliberty.com,
freebeacon.com,
weaselzippers.us,
weeklystandard.com,
westernfreepress.com,
westmonster.com,
whatfinger.com,
wng.org,
worldtribune.com,
yellowhammernews.com,
yaf.org,
youngcons.com,
epnewsleader.com,
politicalite.com,
unbiasedamerica.com,
airspacemag.com,
cornell.edu,
aap.org,
aaas.org,
agu.org,
ajaonline.org,
aphapublications.org,
aps.org,
apsa.org,
americanscientist.org,
adaa.org,
archaeology.org,
astronomy.com,
skeptics.com.au,
autisticadvocacy.org,
biomedcentral.com,
bio.org,
cdc.gov,
climateactiontracker.org,
climatecentral.org,
climatefeedback.org,
climatesciencewatch.org,
cochrane.org,
csicop.org,
consumerlab.com,
contrailscience.com,
cosmosmagazine.com,
discovermagazine.com,
doubtfulnews.com,
earthsky.org,
earthmagazine.org,
edge.org,
britannica.com,
eurekalert.org,
everydayhealth.com,
examine.com,
fas.org,
frontiersin.org,
futurism.com,
genengnews.com,
geneticliteracyproject.org,
healthaffairs.org,
healthline.com,
howstuffworks.com,
insidescience.org,
iop.org,
irena.org,
randi.org,
hopkinsmedicine.org,
livescience.com,
mayoclinic.org,
medicaldaily.com,
medicalnewstoday.com,
medicalxpress.com,
medscape.com,
mentaldaily.com,
technologyreview.com,
mosaicscience.com,
nasa.gov,
nationalacademyofsciences.org,
noaa.gov,
nationalgeographic.com,
nih.gov,
nature.com,
nautil.us,
neurosciencenews.com,
newatlas.com,
theness.com,
newhumanist.org.uk,
newscientist.com,
nextbigfuture.com,
nextobserver.com,
oceana.org,
paho.org,
phys.org,
ispp.org,
popularmechanics.com,
popsci.com,
precisionvaccinations.com,
pnas.org,
psychologytoday.com,
psypost.org,
plos.org,
quackwatch.org,
quantamagazine.org,
realclearscience.com,
realclimate.org,
realmofhistory.com,
redorbit.com,
researchgate.net,
resourcewatch.org,
retractionwatch.com,
sagepub.com,
scicentral.com,
sciencebasedmedicine.org,
scienceblogs.com,
sciencedaily.com,
sciencedirect.com,
sciencehistory.org,
scienceillustrated.com.au,
sciencemag.org,
sciencemediacentre.org,
sciencenews.org,
sciencetrends.com,
sciencealert.com,
scientificamerican.com,
ucsd.edu,
seeker.com,
singularityhub.com,
skeptic.com,
skepticalraptor.com,
skepticalscience.com,
skepticink.com,
skeptoid.com,
skyandtelescope.com,
smithsonianmag.com,
societyforscience.org,
space.com,
techxplore.com,
aip.org,
bmj.com,
the-scientist.com,
skepdic.com,
watchers.news,
treehugger.com,
ucsusa.org,
universetoday.com,
energy.gov,
vaxopedia.org,
verywell.com,
webmd.com,
whatstheharm.net,
who.int,
wmo.int,
zmescience.com,
apa.org,
significancemagazine.com,
unenvironment.org,
21stcenturywire.com,
369news.net,
911truth.org,
asheepnomore.net,
abeldanger.org,
abovetopsecret.com,
latitudes.org,
activistpost.com,
awdnews.com,
ageofautism.com,
allianceforadvancedhealth.com,
anh-usa.org,
alt-market.com,
amtvmedia.com,
alternativenewsnetwork.net,
alternativenews.com,
althealthworks.com,
americandigitalnews.com,
americanfreepress.net,
ahtribune.com,
aim4truth.org,
americanintelligencereport.com,
ancient-code.com,
ancient-origins.net,
andersoninstitute.com,
anonews.co,
anotherdayintheempire.com,
answersingenesis.org,
antinewsnetwork.com,
ae911truth.org,
asia-pacificresearch.com,
assassinationscience.com,
australiannationalreview.com,
autisminvestigated.com,
autismspeaks.org,
awarenessact.com,
beholdisrael.org,
biologos.org,
blacklistednews.com,
catholic.org,
centerforsecuritypolicy.org,
charismanews.com,
carm.org,
cbn.com,
creation.com,
christianscience.com,
christiantimesnewspaper.com,
christiantoday.info,
climatechangedispatch.com,
climatedepot.com,
judithcurry.com,
climatism.blog,
coasttocoastam.com,
collective-evolution.com,
collectivelyconscious.net,
cfact.org,
consciouslifenews.com,
conspiracydailyupdate.com,
conspiracyplanet.com,
cosmicintelligenceagency.com,
countdowntozerotime.com,
countercurrentnews.com,
counterpropa.com,
counterpsyops.com,
geopolitics.co,
creationwiki.org,
csglobe.com,
curiousmindmagazine.com,
dailygrail.com,
dailyhealthpost.com,
dailyoccupation.com,
darkjournalist.com,
dataasylum.com,
davidicke.com,
davidwolfe.com,
debunkingskeptics.com,
disclose.tv,
discovery.org,
disobedientmedia.com,
doctoroz.com,
draxe.com,
ewao.com,
earthpulse.com,
econewsmedia.org,
ecowatch.com,
educateinspirechange.org,
educate-yourself.org,
eluxemagazine.com,
endtimeheadlines.org,
enlightened-planet.com,
ewg.org,
escapeallthesethings.com,
everynewshere.com,
godandscience.org,
evolutionnews.org,
extraordinaryinfo.com,
faithpanda.com,
familysurvivalheadlines.com,
fellowshipoftheminds.com,
ff911truthandunity.org,
foodbabe.com,
foodmatters.com,
foreverconscious.com,
thefreethoughtproject.com,
freedomadvocates.org,
freedomainradio.com,
friendsofscience.org,
fromthetrenchesworldreport.com,
geoengineeringwatch.org,
getcancerremedies.com,
globalhealingcenter.com,
globalresearch.ca,
globalskywatch.com,
godlikeproductions.com,
gotquestions.org,
govtslaves.com,
greenpeace.org,
gulagbound.com,
haarp.net,
thehealthconsciousness.com,
healtheternally.com,
healthimpactnews.com,
healthnutnews.com,
hsionline.com,
healthy-holistic-living.com,
healthy-vibes.com,
hellochristian.com,
savethemales.ca,
alexanderhiggins.com,
holylandnutrition.com,
humansarefree.com,
ilovenativeamericans.us,
iceagenow.info,
iflscience.com,
ihealthtube.com,
illuminati-news.com,
illuminatiwatcher.com,
independentlivingnews.com,
independentsciencenews.org,
infiniteunknown.net,
informationclearinghouse.info,
infowars.com,
icr.org,
responsibletechnology.org,
intellihub.com,
climatescienceinternational.org,
investmentwatchblog.com,
iowaclimate.org,
israelislamandendtimes.com,
jeffereyjaxen.com,
jesusdaily.com,
jesus-is-savior.com,
jewsnews.co.il,
jonesreport.com,
junkscience.com,
knowledgeoftoday.org,
larouchepac.com,
learntherisk.org,
libertyvideos.org,
lifespa.com,
liveaction.org,
livestrong.com,
livingresistance.com,
livingwhole.org,
mediafactwatch.com,
mediaroots.org,
medicine.news,
medusamagazine.com,
mercola.com,
mindbodygreen.com,
modernalternativemama.com,
morningledger.com,
muricatoday.com,
nvic.org,
naturalawakeningsmag.com,
naturalcures.com,
naturalcuresnotmedicine.info,
naturalhealth365.com,
naturalmedicineteam.com,
naturalnews.com,
naturalsociety.com,
naturallysavvy.com,
needtoknow.news,
neonnettle.com,
neuronation.com,
newamericannews.com,
newsinsideout.com,
newstarget.com,
newsbud.com,
nodisinfo.com,
nowtheendbegins.com,
nutritionfacts.org,
occupyyourself.org,
off-guardian.org,
organicfacts.net,
ourhealthguides.com,
pakalertpress.com,
peta.org,
politicalblindspot.com,
populartechnology.net,
prepareforchange.net,
pressfortruth.ca,
principia-scientific.org,
prisonplanet.com,
propornot.com,
prophecynewswatch.com,
prophecytoday.com,
qanon.pub,
rapturenewsnetwork.com,
realjewnews.com,
realnews24.com,
realfarmacy.com,
redoubtnews.com,
reflectionofmind.org,
religionmind.com,
rense.com,
returntonow.net,
revolutionradio.org,
sanevax.org,
sciencefactz.com,
sciencevibe.com,
secretsofthefed.com,
sgtreport.com,
sheepkillers.com,
shoebat.com,
sott.net,
simpleorganicmedicine.com,
skeptiko.com,
southfront.org,
space.news,
stormcloudsgathering.com,
stormfront.org,
sustainablepulse.com,
theantimedia.com,
theaware.net,
thecommonsenseshow.com,
thecontroversialfiles.net,
corbettreport.com,
crusaderjournal.com,
thedailycheck.net,
thedailyconspiracy.com,
thedailysheeple.com,
theearthchild.co.za,
eutimes.net,
theeventchronicle.com,
theforbiddenknowledge.com,
greanvillepost.com,
theheartysoul.com,
theinternationalreporter.org,
theinternetpost.net,
thelastgreatstand.com,
thelibertybeacon.com,
themindunleashed.com,
therundownlive.com,
stream.org,
thetrumpet.com,
thetruthaboutcancer.com,
thetruthseeker.co.uk,
wakingtimes.com,
thinkingmomsrevolution.com,
thoughtcrimeradio.net,
thrivemovement.com,
topinfopost.com,
truepundit.com,
trunews.com,
truthbroadcastnetwork.com,
truthchannelpolitics.com,
truthcommand.com,
truththeory.com,
twisted.news,
tyrannyrising.com,
ukcolumn.org,
undergroundhealth.com,
usahitman.com,
usawatchdog.com,
vaccines.news,
vaccinesrevealed.com,
vactruth.com,
vaxxter.com,
veteranstoday.com,
vigilantcitizen.com,
viralnewsnetwork.net,
voiceofamericatv.com,
wakeup-world.com,
wattsupwiththat.com,
anonhq.com,
wearechange.org,
wellnessachiever.net,
whale.to,
whatreallyhappened.com,
whatdoesitmean.com,
whydontyoutrythis.com,
wikispooks.com,
worldaffairsbrief.com,
worldtruth.tv,
x22report.com,
yournewswire.com,
zerohedge.com,
mediabiasfactcheck.com,
100percentfedup.com,
10news.one,
12minutos.com,
us24news.com,
247newsmedia.com,
avoiceformen.com,
abcnews-us.com,
actionnews3.com,
activistmommy.com,
ageofshitlords.com,
alabamaobserver.com,
allnewspipeline.com,
allenwestrepublic.com,
adflegal.org,
alphanewsmn.com,
alternativemediasyndicate.com,
altright.com,
amazingnews.net,
americatalks.com,
acpeds.org,
afa.net,
americanflavor.news,
americasfreedomfighters.com,
americanjournalreview.com,
americanlookout.com,
americanpatriotdaily.com,
americanpeoplenetwork.com,
americanprides.org,
americanprinciplesproject.org,
amren.com,
tfp.org,
americanthinker.com,
americantoday.news,
americantruthseekers.com,
americanupdater.com,
awm.com,
aattp.org,
americansfortruth.com,
amityunderground.com,
anews-24.com,
aurora-news.us,
bannedinformation.com,
barenakedislam.com,
bb4sp.com,
beaware.one,
beforeitsnews.com,
bigbluevision.org,
bigleaguepolitics.com,
billionbibles.org,
bipartisanreport.com,
blackeyepolitics.com,
blackgenocide.org,
blackpigeonspeaks.com,
blingnews.com,
bluedotdaily.com,
blueinformer.com,
bluetribune.com,
bluevisionpost.com,
bluevision.news,
bluntforcetruth.com,
bongino.com,
borderlandalternativemedia.com,
breaking911.com,
breakingnews247.net,
breakingtop.world,
britainfirst.tv,
canadafreepress.com,
cbsnews.com.co,
trueactivist.com,
researchantisemitism.ca,
cernovich.com,
checkpointasia.net,
chinadaily.com.cn,
christianaction.org,
churchmilitant.com,
cityworldnews.com,
clarionproject.org,
clashdaily.com,
cloverchronicle.com,
cnn-globalnews.com,
cnsnews.com,
cei.org,
concernedwomen.org,
conservapedia.com,
conservative101.com,
conservativearmy88.com,
conservativebyte.com,
conservativefighters.com,
conservativefiringline.com,
conservativeflashnews.com,
conservativefreepress.com,
conservativeinfocorner.us,
conservativemedia.com,
consmovement.com,
consnation.com,
conspatriot.com,
conservativepoliticus.com,
conservativepost.com,
conservativespirit.com,
conspiracyinquirer.com,
rickwells.us,
cair.com,
dailybuzzlive.com,
dailyheadlines.net,
dailyinfobox.com,
dailynotify.com,
dailypoliticalnewswire.com,
dailypresser.com,
dailystormer.name,
dailyusaupdate.com,
dailyworldinformation.com,
damreports.com,
dangerandplay.com,
dcalert.com,
dcbluedot.com,
dcdirtylaundry.com,
thedcgazette.com,
debka.com,
defendevropa.org,
defiantamerica.com,
defund.com,
democraticmoms.com,
democraticreview.com,
denverguardian.com,
trumpers.online,
deplorablekel.com,
deplorablemovement2020.news,
discoverthenetworks.org,
discoverytheword.com,
donaldtrumpnews.co,
donaldtrumppotus45.com,
downtrend.com,
drainingtheswamp.info,
eaglerising.com,
earthnews2016.com,
embols.com,
empireherald.com,
en-volve.com,
endingthefed.com,
enhlive.com,
everytownresearch.org,
abcbusinessnews.com,
exposinggovernment.com,
factcheckingturkey.com,
factswanted.com,
frc.org,
farsnews.com,
fbnewscycle.com,
federalistnation.com,
federalisttribune.com,
flashnewscorner.com,
usafortrumponline.com,
floridasunpost.com,
focusonthefamily.com,
france24-tv.com,
freakoutnation.com,
freepatriotpost.com,
freespeechtime.net,
freedomdaily.com,
freedomlibertynews.com,
freedomnewsreport.com,
freedomsfinalstand.com,
freedomproject.com,
theusa-news.com,
frontpagemag.com,
fury.news,
fwdnow.com,
pamelageller.com,
geologyin.com,
girlsjustwannahaveguns.com,
globalinfotoday.com,
globalpoliticsnow.com,
globemagazine.com,
thegoodlordabove.com,
godfatherpolitics.com,
goneleft.com,
goodgopher.com,
gop.gov,
thegopwatchdog.com,
gotnews.com,
greatamericanrepublic.com,
hangthebankers.com,
hardnews.network,
hawarnews.com,
heartland.org,
hoggwatch.com,
ihatethemedia.com,
ihavethetruth.com,
ilovemyfreedom.org,
ihypocrite.net,
identityevropa.com,
ifyouonlynews.com,
illegalaliencrimereport.com,
illicitinfo.com,
imowired.com,
infogalactic.com,
informationliberation.com,
informedowners.com,
infoscum.com,
ihr.org,
profam.org,
israelvideonetwork.com,
itaglive.com,
jewwatch.com,
joeforamerica.com,
jookos.com,
judicialwatch.org,
justthefacts.org,
knightstemplarinternational.com,
kcna.kp,
ladbible.com,
ladylibertysnews.com,
learnprogress.org,
leftexposed.org,
lewrockwell.com,
liberalplug.com,
liberalsociety.com,
liberalspeak.com,
libertyalliance.com,
libertybrief.com,
liberty-courier.com,
libertyisviral.com,
libertyunyielding.com,
libertywritersnews.com,
londonwebnews.com,
loonwatch.com,
loser.com,
lucianne.com,
madamericannetwork.com,
madworldnews.com,
magadailyreport.com,
magapill.com,
magavoter.com,
martinlutherking.org,
mbganews.com,
mediazone.news,
metapedia.org,
middleamericandemocrat.com,
meforum.org,
memri.org,
yiannopoulos.net,
mixi.media,
molonlabemedia.com,
moonbattery.com,
movingleft.com,
moveon.org,
mrcblog.com,
myrightamerica.com,
myzonetoday.com,
mygoogle.ca,
natall.com,
nationaleconomicseditorial.com,
nationalenquirer.com,
npiamerica.org,
nationalvanguard.org,
powerofnative.com,
indigenous.club,
neverrepublican.com,
nevo.news,
newcenturytimes.com,
newnation.org,
newpoliticstoday.com,
newsandstoriesfromusa.com,
newsblaze.com,
newschicken.com,
newsconservative.com,
newsfeedhunter.com,
newsprocession.com,
newsuptoday.com,
newswithviews.com,
newsammo.com,
newsbreakshere.com,
newsner.com,
newswars.com,
nmws.us,
noscomunicamos.com,
nowthisnews.com,
oathkeepers.org,
occupydemocrats.com,
onlineconservativepress.com,
openmagazines.com,
oppositionreport.com,
oureyeonislam.com,
overpassesforamerica.com,
pacificpundit.com,
patribotics.blog,
patriotbeacon.com,
patriotbeat.com,
patriotcrier.com,
patriotfires.com,
patriothangout.com,
patriotjournal.org,
patriotupdate.com,
patrioticexpress.com,
patrioticviralnews.com,
patriotsvoice.info,
personalliberty.com,
plymouthpatriotpost.com,
pmnightlynews.com,
timespolice.com,
politicalears.com,
politicalinbox.com,
thepoliticalinsider.com,
politicalmayhem.news,
politicalsitenews.com,
politicalstate.org,
politicoinfo.com,
politicslive.net,
politifact.news,
powderedwigsociety.com,
prageru.com,
president45donaldtrump.com,
prideof-america.org,
prntly.com,
proamericanews.com,
progresstribune.com,
progressivestoday.com,
projectpurge.com,
proudleader.com,
proud-patriots.com,
puppetstringnews.com,
redrocktribune.com,
quillette.com,
react365.com,
readconservatives.news,
realconservativesunite.com,
realtimepolitics.com,
redcountry.us,
redice.tv,
redinfo.us,
redpeople.us,
redpolitics.us,
rightsidenews.com,
rrtribune.com,
redstatejournalist.com,
redstatepundit.com,
redstatewatcher.com,
redwhiteandright.com,
redstatewave.com,
reedcooper.net,
renewamerica.com,
resistancereport.com,
returnofkings.com,
rightalerts.com,
rightjournalist.com,
rightwingnews.com,
rightsmarts.com,
southjerseymechanic.com,
rightwing.news,
rinf.com,
rodong.rep.kp,
ruthinstitute.org,
smobserved.com,
sharednewsreport.com,
shariawatch.org.uk,
shtfplan.com,
sickchirpse.com,
smoloko.com,
southafricatoday.net,
speakgov.com,
speisa.com,
spinzon.com,
squawker.org,
staresattheworld.com,
statefort.com,
stateofthenation2012.com,
steadfastandloyal.com,
stonecoldtruth.com,
strategic-culture.org,
studionewsnetwork.com,
subjectpolitics.com,
summit.news,
sundayinquirer.com,
supremepatriot.com,
surenews.com,
survivalblog.com,
svijmedia.com,
swampdrain.com,
syrianews.cc,
takimag.com,
tashnews.com,
tdnewswire.com,
tdtalliance.com,
teaparty.org,
teddystick.com,
tmn.today,
africanexponent.com,
theamericanmirror.com,
angrypatriotmovement.com,
thebostontribune.com,
buffalochronicle.com,
theconservativebrief.com,
thedailybell.com,
dcclothesline.com,
lastdeplorables.com,
thedeplorablesociety.com,
theduran.com,
thefederalistpapers.org,
fairus.org,
thefreepatriot.org,
freetelegraph.com,
thegoldwater.com,
thehornnews.com,
lastresistance.com,
thelibertyeagle.com,
themillenniumreport.com,
thenationalpatriot.com,
thenationalpulse.com,
newobserveronline.com,
thenewyorkevening.com,
mynewsguru.com,
other98.com,
thepeoplestruth.com,
thepoliticaltribune.com,
thepolitics.online,
thepostemail.com,
thepremiumnews.com,
proudcons.com,
theproudliberal.org,
theredelephants.com,
thereligionofpeace.com,
remnantnewspaper.com,
therightstuff.biz,
therightists.com,
thescinewsreporter.com,
digifection.com,
thetrumpmedia.com,
thetruthdivision.com,
unz.com,
theuspatriot.com,
usa-conservative.com,
washingtonfeed.com,
thewashingtonreporter.com,
thewashingtonsentinel.com,
thebreakingnews.today,
thinkamericana.com,
todaydispatch.com,
toprightnews.com,
toptopic.club,
tplnews.com,
triggerreset.net,
truthexam.com,
truebluescoop.com,
trueviralnews.com,
trump.news,
trumpservativenews.info,
truthandaction.org,
qpolitical.com,
truthinmedia.com,
truthmonitor.com,
truthrevolt.org,
truthuncensored.net,
truthfeednews.com,
tpusa.com,
unclesamsmisguidedchildren.com,
undergroundjournalist.org,
understandingthethreat.com,
uniquewebmagazine.com,
universepolitics.com,
ushealthyadvisor.com,
uschronicle.com,
usherald.com,
usinfonews.com,
usjournalreview.com,
uslibertywire.club,
uslibertywire.com,
usnationalnews.org,
usaconservativereport.com,
usadailyreview.com,
usadailypost.us,
usadosenews.com,
usainfront.com,
usanews4u.us,
usanewstoday.org,
politicsusanews.com,
states-tv.com,
usanewsflash.com,
usapoliticsnow.com,
usapubliclife.com,
usareally.com,
usasupreme.com,
usa-television.com,
usaviralnewstoday.com,
usaworldbox.com,
usafirstinformation.com,
usanetwork.info,
uspostman.com,
usrightleft.com,
bloodandsoil.org,
radiovaticana.va,
vdare.com,
vidmax.com,
viralliberty.com,
theviralpatriot.com,
voiceofeurope.com,
walkwithher.com,
wallbuilders.com,
thewashingtonpundit.com,
weconservative.com,
webdaily.com,
westernsentinel.com,
wikiislam.net,
winningdemocrats.com,
thepublicdiscourse.com,
wokesloth.com,
wnd.com,
worldnewspolitics.com,
24wpn.com,
yesimright.com,
zootfeed.com,
maga2020.us,
dailyinsidernews.com,
polipace.com,
ghost.report,
nbc.com.co,
newsexaminer.net,
thelibertydaily.com,
16wmpo.com,
abriluno.com,
adobochronicles.com,
alternativelyfacts.com,
alternative-science.com,
americanlampoon.com,
amplifyingglass.com,
asamericanasapplepie.org,
babylonbee.com,
bigamericannews.com,
bizstandardnews.com,
bluenewsnetwork.com,
breakingburgh.com,
brokenworldnews.com,
bullshitnews.org,
burrardstreetjournal.com,
callthecops.net,
cap-news.com,
celebtricity.com,
christwire.org,
civictribune.com,
clickhole.com,
confederacyofdrones.com,
creambmp.com,
dailycurrant.com,
dailysquib.co.uk,
dailyworldupdate.us,
dailysnark.com,
derfmagazine.com,
duffelblog.com,
duhprogressive.com,
empirenews.net,
empiresports.co,
encyclopediadramatica.rs,
enduringvision.com,
eveningharold.com,
fedsalert.com,
flake.news,
fmobserver.com,
frankmag.ca,
freewoodpost.com,
freedumjunkshun.com,
gawken.com,
gishgallop.com,
gomerblog.com,
harddawn.com,
headlinennews.com,
hillarybeattrump.org,
huzlers.com,
imao.us,
chronicle.su,
ladiesofliberty.net,
larknews.com,
legorafi.fr,
liberalbias.com,
liberaldarkness.com,
mcsweeneys.net,
nationalreport.net,
ncscooper.com,
newromantimes.com,
newsbiscuit.com,
newsmutiny.com,
newsthump.com,
politicops.com,
notallowedto.com,
nottnews.com,
now8news.com,
npcdaily.com,
observeronline.news,
ourlandofthefree.com,
politicer.com,
prettycoolsite.com,
private-eye.co.uk,
reaganwasright.com,
realnewsrightnow.com,
reductress.com,
rilenews.com,
rockcitytimes.com,
satiratribune.com,
satirev.org,
schmedium.org,
scorchedearthnews.com,
shu.plus,
southendnewsnetwork.net,
stgeorgegazette.com,
stubhillnews.com,
stuppid.com,
sundaysportonline.co.uk,
sungress.com,
thatsprettygoodscience.com,
atlbanana.com,
awazetribune.com,
thebeaverton.com,
betootaadvocate.com,
chaser.com.au,
dailydiscord.com,
thedailymash.co.uk,
thedailymire.com,
dandygoat.com,
halfwaypost.com,
thehardtimes.net,
thelapine.ca,
thenewsnerd.com,
theonion.com,
outabouter.com,
thepeoplescube.com,
politicalgarbagechute.com,
theracketreport.com,
theredshtick.com,
thelastlineofdefense.org,
thesciencepost.com,
theseattletribune.com,
theshovel.com.au,
thespoof.com,
times.com.mx,
undergroundnewsreport.com,
theunrealtimes.com,
thereisnews.com,
tittletattle365.com,
truthbang.net,
truthbrary.org,
uspoln.com,
viralcords.com,
viraldevil.com,
waterfordwhispersnews.com,
wokennews.com,
worldnewsdailyreport.com,
witscience.org,
cracked.com,
sportspickle.com,
the-daily-news.co.uk,
the-postillon.com,
viralactions.com,
20minutenews.com,
24aktuelles.com,
24online.news,
24usainfo.com,
abcnews.com.co,
actualite.co,
actualites.co,
aldipest.com,
alertchild.com,
alynews.com,
americafans.com,
americanflare.com,
americanpoliticnews.co,
americanpresident.co,
americanprides.com,
americasnewest.com,
amposts.com,
anews24.org,
anonjekloy.tk,
areyouasleep.com,
associatedmediacoverage.com,
badcriminals.com,
baldwinpost.com,
baltimoregazette.com,
battypost.com,
belgique.actualites.co,
bients.com,
bignuggetnews.com,
borderherald.com,
bostonleader.com,
butthatsnoneofmybusiness.com,
buzzfeedusa.com,
cartelpress.com,
cartelreport.com,
channel16news.com,
channel17news.com,
channel18news.com,
channel22news.com,
channel23news.com,
channel28news.com,
channel34news.com,
channel45news.com,
channel5000.com,
choiceandtruth.com,
chuckcallesto.blogspot.com,
clancyreport.com,
cnn.com.de,
cnnews3.com,
consciouslyenlightened.com,
conservativeinfocorner.com,
conservativeinsider.co,
conservativestudio.com,
cooltobeconservative.com,
daily-sun.com,
dailyfinesser.com,
dailynews10.com,
dailynews11.com,
dailynews3.com,
dailynews33.com,
dailynews5.com,
dailynewsposts.info,
damnleaks.com,
denverinquirer.com,
departed.co,
departedmedia.com,
dineal.com,
diyhours.net,
drugsofficial.com,
en.mediamass.net,
everydaybreakingnews.com,
famousviralstories.com,
fanzinger.com,
flashinfo.org,
focusnews.info,
folksvideo.com,
fox-news24.com,
france.actualites.co,
freddymag.com,
freedomcrossroads.us,
freshdailyreport.com,
friendsofsyria.wordpress.com,
givemeliberty01.com,
globalassociatednews.com,
guerilla.news,
guerillanews.com,
gummypost.com,
halturnershow.com,
headlinebrief.com,
healthyworldhouse.com,
heaviermetal.net,
hotglobalnews.com,
houstonchronicle-tv.com,
interestingdailynews.com,
intrendtoday.com,
isthatlegit.com,
jokerviral.com,
kata33.com,
klponews.com,
km8news.com,
kmt11.com,
knp7.com,
konkonsagh.biz,
krbcnews.com,
kspm33.com,
kupr7.com,
ky12news.com,
ky6news.com,
kypo6.com,
landrypost.com,
local31news.com,
localnews33.com,
lopezreport.com,
mainerepublicemailalert.com,
majorthoughts.com,
maywoodpost.com,
mbynews.com,
mckenziepost.com,
metropolitanworlds.com,
mississippiherald.com,
morningnewsusa.com,
mrnewswatch.com,
msfanpage.link,
msnbc.website,
nationalinsiderpolitics.com,
nbc.com.co,
nephef.com,
news14kgpn.com,
news14now.com,
news4ktla.com,
newsbreakingspipe.com,
newsbuzzdaily.com,
newsbysquad.com,
newsdaily10.com,
newsdaily12.com,
newsdaily27.com,
newsexaminer.net,
newsfeedobserver.com,
newshubs.info,
newsjustforyou1.blogspot.com,
newsleak.co,
newslo.com,
newsnow17.com,
newswatch33.com,
newzmagazine.com,
noticias365.info,
nymeta.co,
onepoliticalplaza.com,
oreillypost.com,
paris.actualites.co,
persecutes.com,
politicot.com,
powerdaily.us,
pressunion.org,
qualitysharing.com,
rogue-nation3.com,
rumorjournal.com,
scrapetv.com,
smhwtfnews.com,
snoopack.com,
socialeverythings.com,
southernconservativeextra.com,
statenation.co,
straightstoned.com,
success-street.com,
telegraphsun.com,
the-insider.co,
theavocadonews.com,
thebreakingnews.co,
theexaminer.site,
thefrt.com,
themoralofthestory.us,
thenationalsun.com,
thenet24h.com,
thenochill.com,
thereporterz.com,
theusaconservative.com,
thevalleyreport.com,
thewashingtonpress.com,
tmzbreaking.com,
tmzbusiness.com,
tmzcomedy.com,
tmzhiphop.com,
tmzuncut.com,
tmzurban.com,
tmzworldnews.com,
tmzworldstarnews.com,
trueamericans.me,
truetrumpers.com,
truthkings.com,
unitedmediapublishing.com,
usa-radio.com,
usadailyinfo.com,
usadailytime.com,
usanewshome.com,
usanewstoday.com,
usapolitics24hrs.com,
usapoliticszone.com,
usasnich.com,
usatodaynews.me,
usatodaypolitics.com,
ushealthylife.com,
viralcocaine.com,
viralmugshot.com,
viralpropaganda.com,
viralspeech.com,
viralstuppid.com,
voxtribune.com,
washingtonevening.com,
washingtonpost.com.co,
wazanews.tk,
wcpm3.com,
weekendherald.com,
wetheproudpatriots.com,
wftj8news.com,
whatsupic.com,
wleb21.com,
wm21news.com,
wmacnews.com,
wmb36.com,
world-politicus.com,
worldinformation24.info,
worldpoliticsnow.com,
worldpoliticus.com,
wrejnews.com,
wrpt16.com,
wtoe5news.com,
xbn-news.com,
lawofficer.com,
montgomeryadvertiser.com,
concealednation.org,
conservativetribune.com,
dailypost.ng,
dennismichaellynch.com,
endoftheamericandream.com,
impulsetoday.com,
iotwreport.com,
medicalkidnap.com,
onlysimchas.com,
americannews.com,
americantoday.news ,
channel-7-news.com,
dailystormer.com,
getoffthebs.com,
gopthedailydose.com,
myfreshnews.com,
observatorial.com,
religiousmind.com,
shariaunveiled.wordpress.com,
sourceplanet.net,
superstation95.com,
thelastamericanvagabond.com,
thenewsclub.info,
truthfeed.com,
realtruenews.org,
addictinginfo.org,
blakkpepper.com,
cheezburger.com,
christiannews.net,
hinterlandgazette.com,
hngn.com,
lifesitenews.com,
metalsucks.net,
theintellectualist.co,
365usanews.com,
4threvolutionarywar.wordpress.com,
aheadoftheherd.com,
ammoland.com,
antoniusaquinas.wp.com,
brotherjohnf.com,
conservativepapers.com,
conservativestate.com,
counterjihad.com,
dailypoliticsusa.com,
darkpolitricks.com,
deadlyclear.wordpress.com,
defenddemocracy.press,
dollarvigilante.com,
eaglerising.com,
elelephantintheroom.blogspot.com,
endtime.com,
extraclubmagazine.com,
firearmscoalition.org,
freebeacon.com,
freedomsphoenix.com,
freedomworldnews.com,
heresyblog.net,
horowitzfreedomcenter.org,
informetoday.com,
instaworldnews.com,
jamesrgrangerjr.com,
journal-neo.org,
katehon.com,
liveactionnews.org,
makeamericagreattoday.com,
newsninja2012.com,
occupyliberals.com,
oftwominds.com,
openmindmagazine.com,
orientalreview.org,
patdollar.com,
patriotchronicle.com,
patriotrising.com,
paulcraigroberts.org,
platosguns.com,
politicalcult.com,
pravda.ru,
presstv.ir,
reagancoalition.com,
rightalert.com,
sjlendman.blogspot.com,
thenewsdoctors.com,
thewatchtowers.com,
usawatchdog.com,
washingtonsblog.com,
youngcons.com,
amusmentic.com,
automotostar.com,
educateinspirechange.org/health,
elitereaders.com,
indiaarising.com,
liberalamerica.org,
livevote.com,
lovethispic.com,
remedydaily.com,
trueactivist.com,
uslifetoday.com,
viraltube.nl,
yournationnews.com,
82.221.129.208,
abeldanger.net,
alt-market.com,
americanreviewer.com,
bb4sp.com,
bullionbullscanada.com,
concisepolitics.com,
conservativerefocus.com,
conspiracywire.com,
cryptogon.com,
disclosuremedia.net,
dont-tread-on.me,
dutchsinse.com,
ebolahoax.com,
electionnightgatekeepers.com,
expose1933.com,
eyeopening.info,
fourwinds10.net,
fprnradio.com,
freedomforceinternational.com,
freedomoutpost.com,
gaia.com,
gangstergovernment.com,
govtslaves.info,
henrymakow.com,
investmentresearchdynamics.com,
itccs.org,
jihadwatch.org,
libertymovementradio.com,
militianews.com,
nasamoonhoax.com,
nationalufocenter.com,
nationindistress.weebly.com,
nomorefakenews.com,
offgridsurvival.com,
oilgeopolitics.net,
prepperwebsite.com,
prisonplanet.tv,
rumormillnews.com,
sentinelblog.com,
silver-coin-investor. com,
silverbearcafe.com,
silverdoctors.com,
silverstealers.net,
sonsoflibertyradio.com,
theeconomiccollapseblog.com,
theextinctionprotocol.com,
themindunleashed.org,
thephaser.com,
truthfrequencyradio.com,
ufoholic.com,
wakeupthesheep.com,
wakingupwisconsin.com,
weshapelife.org,
willyloman.wordpress.com,
x22report.com,
24newsflash.com,
70news.wordpress.com,
abcnewsgo.co,
americanoverlook.com,
amposts.com,
anews24.org/,
bighairynews.com,
blackinusrancenews.com,
cannasos.com,
coed.com,
conservativeinfidel.com,
dailyheadlines.com,
dcgazette.com,
ddemocraticunderground.com,
diyhours.net,
donaldtrumppotus45.com,
drudgereport.com.co,
empirehearland.com,
en-vovle.com,
enabon.com,
eutopia.buzz,
fakingnews.com,
givemeliberity01.com,
healthycareandbeauty.com,
immediatesafety.org,
infostormer.com,
itmakessenseblog.com,
iwanttoexplore.com,
kmt11.com,
ladylibertynews.com,
libertyblitzkrieg.com,
maganews.co,
mediamass.net,
megynkelly.us,
mentor2day.com,
mpidailymagazine.com,
mrconservative.com,
nationonenews.com,
newsbbc.net,
newsfrompolitics.com,
newsmagazine.com,
newswatch28.com,
politicalo.com,
politicalupdator.com,
politicono.com,
rhotv.com,
smag31.com,
tdtalliance.com,
thatviralfeed.net,
theamericanindependent.wordpress.com,
thebigriddle.com,
threepercenternation.com,
trumpvision365.com,
undergroundworldnews.com,
usa2016elections.com,
usadailypolitics.com,
usainfobox.com,
usamagazinestudio.com,
usanewsinsider.com,
usanewspolitics.com,
usaonlinepolitics.com,
usaphase.com,
usatoday.com.co,
usatwentyfour.com,
usconservativetoday.com,
usfanzone.com,
uspoliticslive.com,
washingtonfed.com,
weeklyworldnews.com,
worldpoliticsus.com,
worldrumor.com,
worldstoriestoday.com,
yourfunpage.com,
farmwars.info,
actforamerica.org/news,
adflegal.org/media,
americanborderpatrol.com,
aryannationswordwide1488.org,
barnesreview.org,
bigbluevision.com,
centerforsecuritypolicy.org/#articles,
christianfightback.com,
creativitymovement.net/category/news/,
dailyken.com,
darkmoon.me,
davidduke.com,
drrichswier.com,
eutimes.net,
gatesofvienna.net,
glaringhypocrisy.com,
libertyfederation.com,
themuslimissue.wordpress.com,
whitepower.com,
americankabuki.blogspot.com,
checkoutthehealthyworld.com,
experimentalvaccines.org,
galacticconnection.com,
greenmedinfo.com,
in5d.com,
lifeprevention.com,
naturalblaze.com,
naturalnewsblogs.com,
rawforbeauty.com,
realplanetnews.com,
revolutions2040.com,
thetruthwins.com,
worldwidehealthy.com,
dailyleak.org,
americannewsx.com,
cato.org/blog,
counterinformation.wordpress.com,
counterpunch.com,
davidstockmanscontracorner.com,
deadlinelive.info,
economicnoise.com,
emptywheel.net,
filmsforaction.org,
geopolmonitor.com,
jackpineradicals.com,
newcoldwar.org,
occupy.com,
presidentialvoting2016.com,
ruptly.tv,
tomwoods.com,
bigbluedimension.com,
loanpride.com,
magafeed.com,
megafreshnews.com,
newswire-24.com,
pollhype.com,
aceflashman.wordpress.com,
actualidadpanamericana.com,
beehivebugle.com,
borowitzreport.com,
bostontribune.com,
crystalair.com,
der-postillon.com,
diversitychronicle.wordpress.com,
duffleblog.com,
elkoshary.com,
elmundotoday.com,
fognews.ru,
freepatriot.org,
fridaymash.com,
glossynews.com,
holyobserver.com,
humortimes.com,
ironictimes.com,
islamicanews.com,
johnnyrobish.com,
landoverbaptist.org,
lushforlife.com,
nahadaily.com,
newsbreakers.org,
newstoad.net,
newyorker.com/humor,
objectiveministries.org,
religionlo.com,
satirewire.com,
scrappleface.com,
sensationalisttimes.com,
speld.nl,
stneotscitizen.com,
surrealscoop.com,
thedailywtf.com,
theineptowl.com,
themadisonmisnomer.com,
themideastbeast.com,
thepoke.co.uk,
theskunk.org,
thestatelyharold.com,
thetimesoftheworld.com,
topekasnews.com,
unconfirmedsources.com,
us.blastingnews.com,
williambanzai7.blogspot.com,
winkprogress.com,
wonkie.com,
wundergroundmusic.com,
www.rt.com,
aanirfan.blogspot.co.uk,
acting-man.com,
anonnews.co,
automaticearth.com,
boilingfrogspost.com,
breakpoint.org,
bvanews.com,
cnnnext.com,
cnsnews.com,
davejanda.com,
dcleaks.com,
financialsurvivalnetwork.com,
guccifer2.wordpress.com,
mad-yet.blogspot.com,
madpatriots.com,
newsmax.com,
northcrane.com,
nutritionalanarchy.com,
politicsintheusa.com,
powerpoliticians.com,
sovereignman.com,
theantimedia.org,
thegoldandoilguy.com/articles,
theinformedamerican.net,
thelibertymill.com,
usdefensewatch.com,
usviewer.com,
veteransnewsnow.com,
wallstreetonparade.com,
whowhatwhy.com,
wikileaks.com
wolfstreet.com,
