https://16wmpo.com,
https://20minutenews.com,
https://24aktuelles.com,
https://24newsflash.com,
https://24online.news,
https://24usainfo.com,
https://24wpn.com,
https://365usanews.com,
https://4threvolutionarywar.wordpress.com,
https://70news.wordpress.com,
https://82.221.129.208,
https://aanirfan.blogspot.co.uk,
https://abcnews.com.co,
https://abcnewsgo.co,
https://abeldanger.net,
https://abriluno.com,
https://aceflashman.wordpress.com,
https://actforamerica.org/news,
https://acting-man.com,
https://actualidadpanamericana.com,
https://actualite.co,
https://actualites.co,
https://addictinginfo.org,
https://adflegal.org/media,
https://adobochronicles.com,
https://africanexponent.com,
https://aheadoftheherd.com,
https://aldipest.com,
https://alertchild.com,
https://alt-market.com,
https://alternative-science.com,
https://alternativelyfacts.com,
https://alynews.com,
https://americafans.com,
https://americanborderpatrol.com,
https://americanflare.com,
https://americankabuki.blogspot.com,
https://americanlampoon.com,
https://americannews.com,
https://americannewsx.com,
https://americanoverlook.com,
https://americanpoliticnews.co,
https://americanpresident.co,
https://americanprides.com,
https://americanreviewer.com,
https://americantoday.news ,
https://americasnewest.com,
https://ammoland.com,
https://amplifyingglass.com,
https://amposts.com,
https://amusmentic.com,
https://anews24.org,
https://anews24.org/,
https://angrypatriotmovement.com,
https://anonjekloy.tk,
https://anonnews.co,
https://antoniusaquinas.wp.com,
https://areyouasleep.com,
https://aryannationswordwide1488.org,
https://asamericanasapplepie.org,
https://associatedmediacoverage.com,
https://atlbanana.com,
https://automaticearth.com,
https://automotostar.com,
https://awazetribune.com,
https://babylonbee.com,
https://badcriminals.com,
https://baldwinpost.com,
https://baltimoregazette.com,
https://barnesreview.org,
https://battypost.com,
https://bb4sp.com,
https://beehivebugle.com,
https://belgique.actualites.co,
https://betootaadvocate.com,
https://bients.com,
https://bigamericannews.com,
https://bigbluedimension.com,
https://bigbluevision.com,
https://bighairynews.com,
https://bignuggetnews.com,
https://bizstandardnews.com,
https://blackinusrancenews.com,
https://blakkpepper.com,
https://bloodandsoil.org,
https://bluenewsnetwork.com,
https://boilingfrogspost.com,
https://borderherald.com,
https://borowitzreport.com,
https://bostonleader.com,
https://bostontribune.com,
https://breakingburgh.com,
https://breakpoint.org,
https://brokenworldnews.com,
https://brotherjohnf.com,
https://buffalochronicle.com,
https://bullionbullscanada.com,
https://bullshitnews.org,
https://burrardstreetjournal.com,
https://butthatsnoneofmybusiness.com,
https://buzzfeedusa.com,
https://bvanews.com,
https://callthecops.net,
https://cannasos.com,
https://cap-news.com,
https://cartelpress.com,
https://cartelreport.com,
https://cato.org/blog,
https://celebtricity.com,
https://centerforsecuritypolicy.org/#articles,
https://channel-7-news.com,
https://channel16news.com,
https://channel17news.com,
https://channel18news.com,
https://channel22news.com,
https://channel23news.com,
https://channel28news.com,
https://channel34news.com,
https://channel45news.com,
https://channel5000.com,
https://chaser.com.au,
https://checkoutthehealthyworld.com,
https://cheezburger.com,
https://choiceandtruth.com,
https://christianfightback.com,
https://christiannews.net,
https://christwire.org,
https://chronicle.su,
https://chuckcallesto.blogspot.com,
https://civictribune.com,
https://clancyreport.com,
https://clickhole.com,
https://cnn.com.de,
https://cnnews3.com,
https://cnnnext.com,
https://cnsnews.com,
https://coed.com,
https://concealednation.org,
https://concisepolitics.com,
https://confederacyofdrones.com,
https://consciouslyenlightened.com,
https://conservativeinfidel.com,
https://conservativeinfocorner.com,
https://conservativeinsider.co,
https://conservativepapers.com,
https://conservativerefocus.com,
https://conservativestate.com,
https://conservativestudio.com,
https://conservativetribune.com,
https://conspiracywire.com,
https://cooltobeconservative.com,
https://counterinformation.wordpress.com,
https://counterjihad.com,
https://counterpunch.com,
https://cracked.com,
https://creambmp.com,
https://creativitymovement.net/category/news/,
https://cryptogon.com,
https://crystalair.com,
https://daily-sun.com,
https://dailycurrant.com,
https://dailydiscord.com,
https://dailyfinesser.com,
https://dailyheadlines.com,
https://dailyinsidernews.com,
https://dailyken.com,
https://dailyleak.org,
https://dailynews10.com,
https://dailynews11.com,
https://dailynews3.com,
https://dailynews33.com,
https://dailynews5.com,
https://dailynewsposts.info,
https://dailypoliticsusa.com,
https://dailypost.ng,
https://dailysnark.com,
https://dailysquib.co.uk,
https://dailystormer.com,
https://dailyworldupdate.us,
https://damnleaks.com,
https://dandygoat.com,
https://darkmoon.me,
https://darkpolitricks.com,
https://davejanda.com,
https://davidduke.com,
https://davidstockmanscontracorner.com,
https://dcclothesline.com,
https://dcgazette.com,
https://dcleaks.com,
https://ddemocraticunderground.com,
https://deadlinelive.info,
https://deadlyclear.wordpress.com,
https://defenddemocracy.press,
https://dennismichaellynch.com,
https://denverinquirer.com,
https://departed.co,
https://departedmedia.com,
https://der-postillon.com,
https://derfmagazine.com,
https://digifection.com,
https://dineal.com,
https://disclosuremedia.net,
https://diversitychronicle.wordpress.com,
https://diyhours.net,
https://dollarvigilante.com,
https://donaldtrumppotus45.com,
https://dont-tread-on.me,
https://drrichswier.com,
https://drudgereport.com.co,
https://drugsofficial.com,
https://duffelblog.com,
https://duffleblog.com,
https://duhprogressive.com,
https://dutchsinse.com,
https://eaglerising.com,
https://ebolahoax.com,
https://economicnoise.com,
https://educateinspirechange.org/health,
https://electionnightgatekeepers.com,
https://elelephantintheroom.blogspot.com,
https://elitereaders.com,
https://elkoshary.com,
https://elmundotoday.com,
https://empirehearland.com,
https://empirenews.net,
https://empiresports.co,
https://emptywheel.net,
https://en-vovle.com,
https://en.mediamass.net,
https://enabon.com,
https://encyclopediadramatica.rs,
https://endoftheamericandream.com,
https://endtime.com,
https://enduringvision.com,
https://eutimes.net,
https://eutopia.buzz,
https://eveningharold.com,
https://everydaybreakingnews.com,
https://experimentalvaccines.org,
https://expose1933.com,
https://extraclubmagazine.com,
https://eyeopening.info,
https://fairus.org,
https://fakingnews.com,
https://famousviralstories.com,
https://fanzinger.com,
https://farmwars.info,
https://fedsalert.com,
https://filmsforaction.org,
https://financialsurvivalnetwork.com,
https://firearmscoalition.org,
https://flake.news,
https://flashinfo.org,
https://fmobserver.com,
https://focusnews.info,
https://fognews.ru,
https://folksvideo.com,
https://fourwinds10.net,
https://fox-news24.com,
https://fprnradio.com,
https://france.actualites.co,
https://frankmag.ca,
https://freddymag.com,
https://freebeacon.com,
https://freedomcrossroads.us,
https://freedomforceinternational.com,
https://freedomoutpost.com,
https://freedomsphoenix.com,
https://freedomworldnews.com,
https://freedumjunkshun.com,
https://freepatriot.org,
https://freetelegraph.com,
https://freewoodpost.com,
https://freshdailyreport.com,
https://fridaymash.com,
https://friendsofsyria.wordpress.com,
https://gaia.com,
https://galacticconnection.com,
https://gangstergovernment.com,
https://gatesofvienna.net,
https://gawken.com,
https://geopolmonitor.com,
https://getoffthebs.com,
https://ghost.report,
https://gishgallop.com,
https://givemeliberity01.com,
https://givemeliberty01.com,
https://glaringhypocrisy.com,
https://globalassociatednews.com,
https://glossynews.com,
https://gomerblog.com,
https://gopthedailydose.com,
https://govtslaves.info,
https://greenmedinfo.com,
https://guccifer2.wordpress.com,
https://guerilla.news,
https://guerillanews.com,
https://gummypost.com,
https://halfwaypost.com,
https://halturnershow.com,
https://harddawn.com,
https://headlinebrief.com,
https://headlinennews.com,
https://healthycareandbeauty.com,
https://healthyworldhouse.com,
https://heaviermetal.net,
https://henrymakow.com,
https://heresyblog.net,
https://hillarybeattrump.org,
https://hinterlandgazette.com,
https://hngn.com,
https://holyobserver.com,
https://horowitzfreedomcenter.org,
https://hotglobalnews.com,
https://houstonchronicle-tv.com,
https://humortimes.com,
https://huzlers.com,
https://imao.us,
https://immediatesafety.org,
https://impulsetoday.com,
https://in5d.com,
https://indiaarising.com,
https://informetoday.com,
https://infostormer.com,
https://instaworldnews.com,
https://interestingdailynews.com,
https://intrendtoday.com,
https://investmentresearchdynamics.com,
https://iotwreport.com,
https://ironictimes.com,
https://islamicanews.com,
https://isthatlegit.com,
https://itccs.org,
https://itmakessenseblog.com,
https://iwanttoexplore.com,
https://jackpineradicals.com,
https://jamesrgrangerjr.com,
https://jihadwatch.org,
https://johnnyrobish.com,
https://jokerviral.com,
https://journal-neo.org,
https://kata33.com,
https://katehon.com,
https://klponews.com,
https://km8news.com,
https://kmt11.com,
https://knp7.com,
https://konkonsagh.biz,
https://krbcnews.com,
https://kspm33.com,
https://kupr7.com,
https://ky12news.com,
https://ky6news.com,
https://kypo6.com,
https://ladiesofliberty.net,
https://ladylibertynews.com,
https://landoverbaptist.org,
https://landrypost.com,
https://larknews.com,
https://lastdeplorables.com,
https://lastresistance.com,
https://lawofficer.com,
https://legorafi.fr,
https://liberalamerica.org,
https://liberalbias.com,
https://liberaldarkness.com,
https://libertyblitzkrieg.com,
https://libertyfederation.com,
https://libertymovementradio.com,
https://lifeprevention.com,
https://lifesitenews.com,
https://liveactionnews.org,
https://livevote.com,
https://loanpride.com,
https://local31news.com,
https://localnews33.com,
https://lopezreport.com,
https://lovethispic.com,
https://lushforlife.com,
https://mad-yet.blogspot.com,
https://madpatriots.com,
https://maga2020.us,
https://magafeed.com,
https://maganews.co,
https://mainerepublicemailalert.com,
https://majorthoughts.com,
https://makeamericagreattoday.com,
https://maywoodpost.com,
https://mbynews.com,
https://mckenziepost.com,
https://mcsweeneys.net,
https://mediamass.net,
https://medicalkidnap.com,
https://megafreshnews.com,
https://megynkelly.us,
https://mentor2day.com,
https://metalsucks.net,
https://metropolitanworlds.com,
https://militianews.com,
https://mississippiherald.com,
https://montgomeryadvertiser.com,
https://morningnewsusa.com,
https://mpidailymagazine.com,
https://mrconservative.com,
https://mrnewswatch.com,
https://msfanpage.link,
https://msnbc.website,
https://myfreshnews.com,
https://mynewsguru.com,
https://nahadaily.com,
https://nasamoonhoax.com,
https://nationalinsiderpolitics.com,
https://nationalreport.net,
https://nationalufocenter.com,
https://nationindistress.weebly.com,
https://nationonenews.com,
https://naturalblaze.com,
https://naturalnewsblogs.com,
https://nbc.com.co,
https://ncscooper.com,
https://nephef.com,
https://newcoldwar.org,
https://newobserveronline.com,
https://newromantimes.com,
https://news14kgpn.com,
https://news14now.com,
https://news4ktla.com,
https://newsammo.com,
https://newsbbc.net,
https://newsbiscuit.com,
https://newsbreakers.org,
https://newsbreakingspipe.com,
https://newsbreakshere.com,
https://newsbuzzdaily.com,
https://newsbysquad.com,
https://newsdaily10.com,
https://newsdaily12.com,
https://newsdaily27.com,
https://newsexaminer.net,
https://newsfeedobserver.com,
https://newsfrompolitics.com,
https://newshubs.info,
https://newsjustforyou1.blogspot.com,
https://newsleak.co,
https://newslo.com,
https://newsmagazine.com,
https://newsmax.com,
https://newsmutiny.com,
https://newsner.com,
https://newsninja2012.com,
https://newsnow17.com,
https://newsthump.com,
https://newstoad.net,
https://newswars.com,
https://newswatch28.com,
https://newswatch33.com,
https://newswire-24.com,
https://newyorker.com/humor,
https://newzmagazine.com,
https://nmws.us,
https://nomorefakenews.com,
https://northcrane.com,
https://noscomunicamos.com,
https://notallowedto.com,
https://noticias365.info,
https://nottnews.com,
https://now8news.com,
https://nowthisnews.com,
https://npcdaily.com,
https://nutritionalanarchy.com,
https://nymeta.co,
https://oathkeepers.org,
https://objectiveministries.org,
https://observatorial.com,
https://observeronline.news,
https://occupy.com,
https://occupydemocrats.com,
https://occupyliberals.com,
https://offgridsurvival.com,
https://oftwominds.com,
https://oilgeopolitics.net,
https://onepoliticalplaza.com,
https://onlineconservativepress.com,
https://onlysimchas.com,
https://openmagazines.com,
https://openmindmagazine.com,
https://oppositionreport.com,
https://oreillypost.com,
https://orientalreview.org,
https://other98.com,
https://oureyeonislam.com,
https://ourlandofthefree.com,
https://outabouter.com,
https://overpassesforamerica.com,
https://pacificpundit.com,
https://paris.actualites.co,
https://patdollar.com,
https://patribotics.blog,
https://patriotbeacon.com,
https://patriotbeat.com,
https://patriotchronicle.com,
https://patriotcrier.com,
https://patriotfires.com,
https://patriothangout.com,
https://patrioticexpress.com,
https://patrioticviralnews.com,
https://patriotjournal.org,
https://patriotrising.com,
https://patriotsvoice.info,
https://patriotupdate.com,
https://paulcraigroberts.org,
https://persecutes.com,
https://personalliberty.com,
https://platosguns.com,
https://plymouthpatriotpost.com,
https://pmnightlynews.com,
https://polipace.com,
https://politicalcult.com,
https://politicalears.com,
https://politicalgarbagechute.com,
https://politicalinbox.com,
https://politicalmayhem.news,
https://politicalo.com,
https://politicalsitenews.com,
https://politicalstate.org,
https://politicalupdator.com,
https://politicer.com,
https://politicoinfo.com,
https://politicono.com,
https://politicops.com,
https://politicot.com,
https://politicsintheusa.com,
https://politicslive.net,
https://politicsusanews.com,
https://politifact.news,
https://pollhype.com,
https://powderedwigsociety.com,
https://powerdaily.us,
https://powerpoliticians.com,
https://prageru.com,
https://pravda.ru,
https://prepperwebsite.com,
https://president45donaldtrump.com,
https://presidentialvoting2016.com,
https://presstv.ir,
https://pressunion.org,
https://prettycoolsite.com,
https://prideof-america.org,
https://prisonplanet.tv,
https://private-eye.co.uk,
https://prntly.com,
https://proamericanews.com,
https://progressivestoday.com,
https://progresstribune.com,
https://projectpurge.com,
https://proud-patriots.com,
https://proudcons.com,
https://proudleader.com,
https://puppetstringnews.com,
https://qpolitical.com,
https://qualitysharing.com,
https://quillette.com,
https://radiovaticana.va,
https://rawforbeauty.com,
https://react365.com,
https://readconservatives.news,
https://reagancoalition.com,
https://reaganwasright.com,
https://realconservativesunite.com,
https://realnewsrightnow.com,
https://realplanetnews.com,
https://realtimepolitics.com,
https://realtruenews.org,
https://redcountry.us,
https://redice.tv,
https://redinfo.us,
https://redpeople.us,
https://redpolitics.us,
https://redrocktribune.com,
https://redstatejournalist.com,
https://redstatepundit.com,
https://redstatewatcher.com,
https://redstatewave.com,
https://reductress.com,
https://redwhiteandright.com,
https://reedcooper.net,
https://religionlo.com,
https://religiousmind.com,
https://remedydaily.com,
https://remnantnewspaper.com,
https://renewamerica.com,
https://resistancereport.com,
https://returnofkings.com,
https://revolutions2040.com,
https://rhotv.com,
https://rightalert.com,
https://rightalerts.com,
https://rightjournalist.com,
https://rightsidenews.com,
https://rightsmarts.com,
https://rightwing.news,
https://rightwingnews.com,
https://rilenews.com,
https://rinf.com,
https://rockcitytimes.com,
https://rodong.rep.kp,
https://rogue-nation3.com,
https://rrtribune.com,
https://rumorjournal.com,
https://rumormillnews.com,
https://ruptly.tv,
https://ruthinstitute.org,
https://satiratribune.com,
https://satirev.org,
https://satirewire.com,
https://schmedium.org,
https://scorchedearthnews.com,
https://scrapetv.com,
https://scrappleface.com,
https://sensationalisttimes.com,
https://sentinelblog.com,
https://sharednewsreport.com,
https://shariaunveiled.wordpress.com,
https://shariawatch.org.uk,
https://shtfplan.com,
https://shu.plus,
https://sickchirpse.com,
https://silver-coin-investor. com,
https://silverbearcafe.com,
https://silverdoctors.com,
https://silverstealers.net,
https://sjlendman.blogspot.com,
https://smag31.com,
https://smhwtfnews.com,
https://smobserved.com,
https://smoloko.com,
https://snoopack.com,
https://socialeverythings.com,
https://sonsoflibertyradio.com,
https://sourceplanet.net,
https://southafricatoday.net,
https://southendnewsnetwork.net,
https://southernconservativeextra.com,
https://southjerseymechanic.com,
https://sovereignman.com,
https://speakgov.com,
https://speisa.com,
https://speld.nl,
https://spinzon.com,
https://sportspickle.com,
https://squawker.org,
https://staresattheworld.com,
https://statefort.com,
https://statenation.co,
https://stateofthenation2012.com,
https://states-tv.com,
https://steadfastandloyal.com,
https://stgeorgegazette.com,
https://stneotscitizen.com,
https://stonecoldtruth.com,
https://straightstoned.com,
https://strategic-culture.org,
https://stubhillnews.com,
https://studionewsnetwork.com,
https://stuppid.com,
https://subjectpolitics.com,
https://success-street.com,
https://summit.news,
https://sundayinquirer.com,
https://sundaysportonline.co.uk,
https://sungress.com,
https://superstation95.com,
https://supremepatriot.com,
https://surenews.com,
https://surrealscoop.com,
https://survivalblog.com,
https://svijmedia.com,
https://swampdrain.com,
https://syrianews.cc,
https://takimag.com,
https://tashnews.com,
https://tdnewswire.com,
https://tdtalliance.com,
https://teaparty.org,
https://teddystick.com,
https://telegraphsun.com,
https://thatsprettygoodscience.com,
https://thatviralfeed.net,
https://the-daily-news.co.uk,
https://the-insider.co,
https://the-postillon.com,
https://theamericanindependent.wordpress.com,
https://theamericanmirror.com,
https://theantimedia.org,
https://theavocadonews.com,
https://thebeaverton.com,
https://thebigriddle.com,
https://thebostontribune.com,
https://thebreakingnews.co,
https://thebreakingnews.today,
https://theconservativebrief.com,
https://thedailybell.com,
https://thedailymash.co.uk,
https://thedailymire.com,
https://thedailywtf.com,
https://thedeplorablesociety.com,
https://theduran.com,
https://theeconomiccollapseblog.com,
https://theexaminer.site,
https://theextinctionprotocol.com,
https://thefederalistpapers.org,
https://thefreepatriot.org,
https://thefrt.com,
https://thegoldandoilguy.com/articles,
https://thegoldwater.com,
https://thehardtimes.net,
https://thehornnews.com,
https://theineptowl.com,
https://theinformedamerican.net,
https://theintellectualist.co,
https://thelapine.ca,
https://thelastamericanvagabond.com,
https://thelastlineofdefense.org,
https://thelibertydaily.com,
https://thelibertyeagle.com,
https://thelibertymill.com,
https://themadisonmisnomer.com,
https://themideastbeast.com,
https://themillenniumreport.com,
https://themindunleashed.org,
https://themoralofthestory.us,
https://themuslimissue.wordpress.com,
https://thenationalpatriot.com,
https://thenationalpulse.com,
https://thenationalsun.com,
https://thenet24h.com,
https://thenewsclub.info,
https://thenewsdoctors.com,
https://thenewsnerd.com,
https://thenewyorkevening.com,
https://thenochill.com,
https://theonion.com,
https://thepeoplescube.com,
https://thepeoplestruth.com,
https://thephaser.com,
https://thepoke.co.uk,
https://thepoliticalinsider.com,
https://thepoliticaltribune.com,
https://thepolitics.online,
https://thepostemail.com,
https://thepremiumnews.com,
https://theproudliberal.org,
https://thepublicdiscourse.com,
https://theracketreport.com,
https://theredelephants.com,
https://theredshtick.com,
https://thereisnews.com,
https://thereligionofpeace.com,
https://thereporterz.com,
https://therightists.com,
https://therightstuff.biz,
https://thesciencepost.com,
https://thescinewsreporter.com,
https://theseattletribune.com,
https://theshovel.com.au,
https://theskunk.org,
https://thespoof.com,
https://thestatelyharold.com,
https://thetimesoftheworld.com,
https://thetrumpmedia.com,
https://thetruthdivision.com,
https://thetruthwins.com,
https://theunrealtimes.com,
https://theusaconservative.com,
https://theuspatriot.com,
https://thevalleyreport.com,
https://theviralpatriot.com,
https://thewashingtonpress.com,
https://thewashingtonpundit.com,
https://thewashingtonreporter.com,
https://thewashingtonsentinel.com,
https://thewatchtowers.com,
https://thinkamericana.com,
https://threepercenternation.com,
https://times.com.mx,
https://timespolice.com,
https://tittletattle365.com,
https://tmn.today,
https://tmzbreaking.com,
https://tmzbusiness.com,
https://tmzcomedy.com,
https://tmzhiphop.com,
https://tmzuncut.com,
https://tmzurban.com,
https://tmzworldnews.com,
https://tmzworldstarnews.com,
https://todaydispatch.com,
https://tomwoods.com,
https://topekasnews.com,
https://toprightnews.com,
https://toptopic.club,
https://tplnews.com,
https://tpusa.com,
https://triggerreset.net,
https://trueactivist.com,
https://trueamericans.me,
https://truebluescoop.com,
https://truetrumpers.com,
https://trueviralnews.com,
https://trump.news,
https://trumpservativenews.info,
https://trumpvision365.com,
https://truthandaction.org,
https://truthbang.net,
https://truthbrary.org,
https://truthexam.com,
https://truthfeed.com,
https://truthfeednews.com,
https://truthfrequencyradio.com,
https://truthinmedia.com,
https://truthkings.com,
https://truthmonitor.com,
https://truthrevolt.org,
https://truthuncensored.net,
https://ufoholic.com,
https://unclesamsmisguidedchildren.com,
https://unconfirmedsources.com,
https://undergroundjournalist.org,
https://undergroundnewsreport.com,
https://undergroundworldnews.com,
https://understandingthethreat.com,
https://uniquewebmagazine.com,
https://unitedmediapublishing.com,
https://universepolitics.com,
https://unz.com,
https://us.blastingnews.com,
https://usa-conservative.com,
https://usa-radio.com,
https://usa-television.com,
https://usa2016elections.com,
https://usaconservativereport.com,
https://usadailyinfo.com,
https://usadailypolitics.com,
https://usadailypost.us,
https://usadailyreview.com,
https://usadailytime.com,
https://usadosenews.com,
https://usafirstinformation.com,
https://usainfobox.com,
https://usainfront.com,
https://usamagazinestudio.com,
https://usanetwork.info,
https://usanews4u.us,
https://usanewsflash.com,
https://usanewshome.com,
https://usanewsinsider.com,
https://usanewspolitics.com,
https://usanewstoday.com,
https://usanewstoday.org,
https://usaonlinepolitics.com,
https://usaphase.com,
https://usapolitics24hrs.com,
https://usapoliticsnow.com,
https://usapoliticszone.com,
https://usapubliclife.com,
https://usareally.com,
https://usasnich.com,
https://usasupreme.com,
https://usatoday.com.co,
https://usatodaynews.me,
https://usatodaypolitics.com,
https://usatwentyfour.com,
https://usaviralnewstoday.com,
https://usawatchdog.com,
https://usaworldbox.com,
https://uschronicle.com,
https://usconservativetoday.com,
https://usdefensewatch.com,
https://usfanzone.com,
https://ushealthyadvisor.com,
https://ushealthylife.com,
https://usherald.com,
https://usinfonews.com,
https://usjournalreview.com,
https://uslibertywire.club,
https://uslibertywire.com,
https://uslifetoday.com,
https://usnationalnews.org,
https://uspoliticslive.com,
https://uspoln.com,
https://uspostman.com,
https://usrightleft.com,
https://usviewer.com,
https://vdare.com,
https://veteransnewsnow.com,
https://vidmax.com,
https://viralactions.com,
https://viralcocaine.com,
https://viralcords.com,
https://viraldevil.com,
https://viralliberty.com,
https://viralmugshot.com,
https://viralpropaganda.com,
https://viralspeech.com,
https://viralstuppid.com,
https://viraltube.nl,
https://voiceofeurope.com,
https://voxtribune.com,
https://wakeupthesheep.com,
https://wakingupwisconsin.com,
https://walkwithher.com,
https://wallbuilders.com,
https://wallstreetonparade.com,
https://washingtonevening.com,
https://washingtonfed.com,
https://washingtonfeed.com,
https://washingtonpost.com.co,
https://washingtonsblog.com,
https://waterfordwhispersnews.com,
https://wazanews.tk,
https://wcpm3.com,
https://webdaily.com,
https://weconservative.com,
https://weekendherald.com,
https://weeklyworldnews.com,
https://weshapelife.org,
https://westernsentinel.com,
https://wetheproudpatriots.com,
https://wftj8news.com,
https://whatsupic.com,
https://whitepower.com,
https://whowhatwhy.com,
https://wikiislam.net,
https://wikileaks.com,
https://williambanzai7.blogspot.com,
https://willyloman.wordpress.com,
https://winkprogress.com,
https://winningdemocrats.com,
https://witscience.org,
https://wleb21.com,
https://wm21news.com,
https://wmacnews.com,
https://wmb36.com,
https://wnd.com,
https://wokennews.com,
https://wokesloth.com,
https://wolfstreet.com,
https://wonkie.com,
https://world-politicus.com,
https://worldinformation24.info,
https://worldnewsdailyreport.com,
https://worldnewspolitics.com,
https://worldpoliticsnow.com,
https://worldpoliticsus.com,
https://worldpoliticus.com,
https://worldrumor.com,
https://worldstoriestoday.com,
https://worldwidehealthy.com,
https://wrejnews.com,
https://wrpt16.com,
https://wtoe5news.com,
https://wundergroundmusic.com,
https://www.rt.com,
https://x22report.com,
https://xbn-news.com,
https://yesimright.com,
https://youngcons.com,
https://yourfunpage.com,
https://yournationnews.com,
https://zootfeed.com,
